index,tokens,pred,true,Accuracy,Micro F1,Macro F1,Weighted F1
0,"['Igusto', ""ñañe'ẽ"", 'guaranime', 'ha', 'avei', 'japurahéi', 'umi', 'polka', 'ha', 'guarania']","['foreign', 'gn', 'gn', 'gn', 'gn', 'gn', 'gn', 'foreign', 'gn', 'gn']","['mix', 'gn', 'gn', 'gn', 'gn', 'gn', 'gn', 'foreign', 'gn', 'es']",80.0,80.0,40.0,72.0
1,"['@USER', 'Buenas', 'buenas', 'mbaeichapa', 'nde', ""ko'ē"", 'kuña', 'guapa', 'feliz', 'sábado', 'para', 'ti', 'Melly', 'vaaaaamoooos', 'queeeeeee', 'fuerza']","['other', 'es', 'es', 'gn', 'gn', 'gn', 'gn', 'es', 'es', 'es', 'es', 'es', 'ne', 'mix', 'mix', 'es']","['ne', 'es', 'es', 'gn', 'gn', 'gn', 'gn', 'gn', 'es', 'es', 'es', 'es', 'ne', 'es', 'es', 'es']",75.0,75.0,47.58169934640522,82.43464052287582
2,"['Idioma-Guarani', ':', 'LA', 'ESPIRITUALIDAD', 'Y', 'LA', 'COSMOVISIÓN', 'DEL', 'MUNDO', 'GUARA', '...', 'URL']","['ne', 'other', 'es', 'es', 'es', 'es', 'es', 'es', 'es', 'ne', 'other', 'foreign']","['es', 'other', 'es', 'es', 'es', 'es', 'es', 'es', 'es', 'es', 'other', 'other']",75.0,75.0,41.875,85.625
3,"['Upévare', 'ojapo', 'ko', 'atropello', 'al', 'Estado', 'de', 'Derecho', ',', 'ha', 'péva', 'peteî', 'acuerdo', 'político', '“', 'Ndikatúi', 'ningo', 'ley', 'omopyenda', 'reglamentación', 'oîva', 'Constitución', 'Nacional-pe', '.']","['gn', 'gn', 'gn', 'es', 'es', 'es', 'es', 'es', 'other', 'gn', 'gn', 'gn', 'es', 'es', 'other', 'gn', 'gn', 'es', 'gn', 'es', 'gn', 'es', 'ne', 'other']","['gn', 'gn', 'gn', 'es', 'es', 'es', 'es', 'es', 'other', 'gn', 'gn', 'gn', 'es', 'es', 'other', 'gn', 'gn', 'es', 'gn', 'es', 'gn', 'es', 'es', 'other']",95.83333333333334,95.83333333333334,73.80952380952381,97.81746031746032
4,"['“', 'Ndikatúiva', 'omonéî', 'asesores', 'jurídicos', 'Itaipu', 'ýrõ', 'Yasyretã', 'millonario', 'salario', 'ohekáva', 'opytávo', 'viru', 'pueblo', 'odestináva', 'salud', ',', 'educación', 'ha', 'desarrollo', 'de', 'las', 'comunidades', '”', ',', 'omoañete', '.']","['other', 'gn', 'gn', 'es', 'es', 'ne', 'gn', 'ne', 'es', 'es', 'gn', 'gn', 'gn', 'es', 'gn', 'es', 'other', 'es', 'gn', 'es', 'es', 'es', 'es', 'other', 'other', 'gn', 'other']","['other', 'gn', 'gn', 'es', 'es', 'ne', 'gn', 'ne', 'es', 'es', 'gn', 'gn', 'gn', 'es', 'mix', 'es', 'other', 'es', 'gn', 'es', 'es', 'es', 'es', 'other', 'other', 'gn', 'other']",96.29629629629629,96.29629629629629,78.82352941176471,94.55337690631809
5,"['Noimei', 'planeado', 'pe', 'reubicación', '”', ',', ""he'i"", 'Gladys', 'Mancuello', ',', 'comerciante', 'Fernando', 'de', 'la', 'Mora', '.']","['gn', 'es', 'gn', 'es', 'other', 'other', 'gn', 'ne', 'ne', 'other', 'es', 'ne', 'ne', 'ne', 'ne', 'other']","['gn', 'es', 'gn', 'es', 'other', 'other', 'gn', 'ne', 'ne', 'other', 'es', 'ne', 'ne', 'ne', 'ne', 'other']",100.0,100.0,100.0,100.0
6,"['Oime', 'conductor', 'omoañetévo', 'nativo', 'okobra', '“', 'peaje', '”', 'ohasávo', 'hikuái', '.']","['gn', 'es', 'gn', 'es', 'gn', 'other', 'es', 'other', 'gn', 'gn', 'other']","['gn', 'es', 'gn', 'es', 'mix', 'other', 'es', 'other', 'gn', 'gn', 'other']",90.9090909090909,90.9090909090909,72.22222222222221,86.86868686868686
7,"['Ko', 'programa', 'ohupyty', '916', 'temimbo’épe', 'ko’ã', 'mbo’ehaópe', 'tendáre', '.']","['gn', 'es', 'gn', 'ne', 'gn', 'gn', 'gn', 'gn', 'other']","['gn', 'es', 'gn', 'other', 'gn', 'gn', 'gn', 'gn', 'other']",88.88888888888889,88.88888888888889,66.66666666666666,92.59259259259261
8,"['@USER', 'El', 'verdadero', 'la', 'Tavy', 'nda', 'Nde', 'jukai', 'pero', 'Nde', 'reko', 'asy']","['other', 'es', 'es', 'es', 'ne', 'gn', 'gn', 'gn', 'es', 'gn', 'gn', 'gn']","['ne', 'es', 'es', 'es', 'gn', 'gn', 'gn', 'gn', 'es', 'gn', 'gn', 'gn']",83.33333333333334,83.33333333333334,48.07692307692308,87.17948717948718
9,"['Oî', 'ko', 'hova´atâva', 'ko´arupi', '...', 'ambopororóta', 'hina', 'umi', 'hovakuera', 'tovajepetepe', '!', 'peha´arônteke', 'sapy´aitemi', '#ñaaaa']","['gn', 'gn', 'gn', 'gn', 'other', 'gn', 'gn', 'gn', 'gn', 'gn', 'other', 'gn', 'gn', 'other']","['gn', 'gn', 'gn', 'gn', 'other', 'gn', 'gn', 'gn', 'gn', 'gn', 'other', 'gn', 'gn', 'gn']",92.85714285714286,92.85714285714286,87.82608695652175,93.41614906832298
10,"['@USER', 'Ekambuna', 'hese', 'nde', ""tuja'i""]","['other', 'gn', 'gn', 'gn', 'gn']","['ne', 'gn', 'gn', 'gn', 'gn']",80.0,80.0,33.33333333333333,80.0
11,"['Ha', ""ha'e"", 'ohendu', 'jave', ""ko'ã"", ',', ""oñemo'i"", 'mbyasy', 'eterei', ',', 'ypyrehe', ""ha'e"", ""ha'éva'ekue"", 'poky', 'eterei', '.', 'Lucas', '0.765972222222222']","['gn', 'gn', 'gn', 'gn', 'gn', 'other', 'gn', 'gn', 'gn', 'other', 'gn', 'gn', 'gn', 'gn', 'gn', 'other', 'ne', 'other']","['gn', 'gn', 'gn', 'gn', 'gn', 'other', 'gn', 'gn', 'gn', 'other', 'gn', 'gn', 'gn', 'gn', 'gn', 'other', 'ne', 'other']",100.0,100.0,100.0,100.0
12,"['Tribunal', 'Electoral', 'Pilar-gua', 'omoherakuã', 'concejal', 'pyahu', 'departamental', ',', 'ojeporavóva', 'comicios', 'generales', 'ha', 'departamental', '22', 'de', 'abril', ""ohasava'ekuépe"", '.']","['ne', 'ne', 'ne', 'gn', 'es', 'gn', 'es', 'other', 'gn', 'es', 'es', 'gn', 'es', 'other', 'es', 'es', 'gn', 'other']","['ne', 'ne', 'ne', 'gn', 'es', 'gn', 'es', 'other', 'gn', 'es', 'es', 'gn', 'es', 'other', 'es', 'es', 'gn', 'other']",100.0,100.0,100.0,100.0
13,"['Upéicha', 'avei', ""oñeme'ê"", 'chupe', 'heta', 'ambue', 'jehechakuaa', 'ha', ""pyti'ajegua"", ',', 'Inglaterra', 'ha', 'heta', 'ambue', 'tetâme', '.']","['gn', 'gn', 'gn', 'gn', 'gn', 'gn', 'gn', 'gn', 'gn', 'other', 'ne', 'gn', 'gn', 'gn', 'gn', 'other']","['gn', 'gn', 'gn', 'gn', 'gn', 'gn', 'gn', 'gn', 'gn', 'other', 'ne', 'gn', 'gn', 'gn', 'gn', 'other']",100.0,100.0,100.0,100.0
14,"[""Temimbo'e"", 'oikuaa', ""mba'éichapa"", ""oiporuva'erã"", 'ipirapire']","['gn', 'gn', 'gn', 'gn', 'gn']","['gn', 'gn', 'gn', 'gn', 'gn']",100.0,100.0,100.0,100.0
15,"['@USER', 'q', 'mufa', 'son', 'uds', '!!', 'Tyeraku', '!', 'Para', 'la', 'albirro', 'Q', 'vuelva', 'claro', 'y', 'el', 'gordo', 'sanchez', '!', 'Y', 'en', 'Cerro', 'Personal', '!', 'Aplazados', 'en', 'servicios', 'tb', '!!']","['other', 'foreign', 'gn', 'es', 'foreign', 'other', 'ne', 'other', 'es', 'es', 'ne', 'foreign', 'es', 'es', 'es', 'es', 'es', 'ne', 'other', 'es', 'es', 'ne', 'ne', 'other', 'es', 'es', 'es', 'foreign', 'other']","['ne', 'es', 'es', 'es', 'es', 'other', 'gn', 'other', 'es', 'es', 'ne', 'es', 'es', 'ne', 'es', 'es', 'es', 'ne', 'other', 'es', 'es', 'ne', 'ne', 'other', 'es', 'es', 'es', 'es', 'other']",72.41379310344827,72.41379310344827,48.727272727272734,77.61755485893417
16,"['@USER', 'va', 'funcionar', 'pio', 'la', 'señal', '!!!!!!!']","['other', 'es', 'es', 'gn', 'es', 'es', 'other']","['ne', 'es', 'es', 'gn', 'es', 'es', 'other']",85.71428571428571,85.71428571428571,66.66666666666666,80.95238095238095
17,"[""Mbo'ehára"", 'Elva', ""he'i"", 'ary', '2009', 'jave', 'intendente', 'Saturnino', 'Bogado', ""ome'ê"", 'ichupe', 'ha', ""ikypy'ýpe"", 'orden', 'de', 'ocupación', 'mokõi', 'terreno', ',', 'peteî', 'hérape', 'ha', 'ambue', 'ambuépe', '.']","['gn', 'ne', 'gn', 'gn', 'other', 'gn', 'es', 'ne', 'ne', 'gn', 'gn', 'gn', 'gn', 'es', 'es', 'es', 'gn', 'es', 'other', 'gn', 'gn', 'gn', 'gn', 'gn', 'other']","['gn', 'ne', 'gn', 'gn', 'other', 'gn', 'es', 'ne', 'ne', 'gn', 'gn', 'gn', 'gn', 'es', 'es', 'es', 'gn', 'es', 'other', 'gn', 'gn', 'gn', 'gn', 'gn', 'other']",100.0,100.0,100.0,100.0
18,"['@USER', 'Ani', 'nde', 'pochy', 'Ivan', '🤣🤣🤣🤣', 'En', 'serio', 'va', 'sin', 'mala', 'onda', 'jajaja']","['other', 'gn', 'gn', 'gn', 'ne', 'other', 'es', 'es', 'es', 'es', 'es', 'es', 'es']","['ne', 'gn', 'gn', 'gn', 'ne', 'other', 'es', 'es', 'es', 'es', 'es', 'es', 'es']",92.3076923076923,92.3076923076923,83.33333333333333,92.3076923076923
19,"['Omoañete', 'haihára', ',', ""mbo'ehára"", 'ojevela', 'salón', 'Memorial', 'avenida', 'Mariscal', 'López', 'ha', 'oñeñotýta', 'táva', 'Villarrica-pe', '.']","['gn', 'gn', 'other', 'gn', 'gn', 'es', 'ne', 'es', 'ne', 'ne', 'gn', 'gn', 'gn', 'ne', 'other']","['gn', 'gn', 'other', 'gn', 'mix', 'es', 'ne', 'ne', 'ne', 'ne', 'gn', 'gn', 'gn', 'ne', 'other']",86.66666666666667,86.66666666666667,69.57264957264957,84.33048433048434
20,"['@USER', 'Nde', 'yeuma', 'pico', ',', 'anda', 'jugar', 'free', 'mbae']","['other', 'gn', 'gn', 'es', 'other', 'gn', 'es', 'foreign', 'gn']","['ne', 'gn', 'gn', 'gn', 'other', 'es', 'es', 'foreign', 'gn']",66.66666666666666,66.66666666666666,58.33333333333333,62.96296296296296
21,"['LEONARDO', 'LEDESMA', ""HE'I"", 'PETEÎ', ""ÑE'ÊPOTY"", ':', 'URL', 'vía', '@USER']","['ne', 'ne', 'gn', 'gn', 'gn', 'other', 'foreign', 'es', 'other']","['ne', 'ne', 'gn', 'gn', 'gn', 'other', 'other', 'es', 'ne']",77.77777777777779,77.77777777777779,65.99999999999999,82.22222222222223
22,"[""Ha'éva"", 'Mitâmi', 'Hesu']","['gn', 'gn', 'gn']","['gn', 'gn', 'ne']",66.66666666666666,66.66666666666666,40.0,53.333333333333336
23,"['@USER', 'que', 'logro', '""', 'cuenta', 'verificada', '""', 'para', 'festejar', 'regalen', 'saldo', ""mba'e""]","['other', 'es', 'es', 'other', 'es', 'es', 'other', 'es', 'es', 'es', 'es', 'gn']","['ne', 'es', 'es', 'other', 'es', 'es', 'other', 'es', 'es', 'es', 'es', 'gn']",91.66666666666666,91.66666666666666,70.0,88.33333333333333
24,"['@USER', 'Omarcha', 'upea', ',', 'che', ""ko'e"", 'ave.i', ',', 'quiero', 'un', 'puesto', 'en', 'Itaipú', 'hendy', 'ape', 'tobatime', ',', 'mbae', 'eremi', 'la', 'puesto', 'mi', 'itaipupe']","['other', 'gn', 'gn', 'other', 'gn', 'gn', 'foreign', 'other', 'es', 'es', 'es', 'es', 'ne', 'gn', 'gn', 'gn', 'other', 'gn', 'gn', 'es', 'es', 'es', 'gn']","['ne', 'mix', 'gn', 'other', 'gn', 'gn', 'gn', 'other', 'es', 'es', 'es', 'es', 'ne', 'gn', 'gn', 'ne', 'other', 'gn', 'gn', 'es', 'es', 'gn', 'ne']",73.91304347826086,73.91304347826086,48.6176980913823,71.04986546634143
25,"[""Ñañe'êmiena"", 'la', ""avañe'ême"", '(', '?', 'JAAALAAA']","['gn', 'es', 'gn', 'other', 'other', 'foreign']","['gn', 'es', 'gn', 'other', 'other', 'es']",83.33333333333334,83.33333333333334,66.66666666666666,88.88888888888889
26,"['8', 'de', 'marzo', ',', 'Diputado', 'omonéî', 'uso', 'obligatorio', 'pulsera', 'electrónica', 'umi', ""kuimba'e"", 'denunciado', 'oinupãva', 'ipareja', 'o', 'expareja', ',', 'ohapejokóvo', 'feminicidio', '.']","['other', 'es', 'es', 'other', 'ne', 'gn', 'es', 'es', 'es', 'es', 'gn', 'gn', 'es', 'gn', 'es', 'es', 'es', 'other', 'gn', 'es', 'other']","['other', 'es', 'es', 'other', 'es', 'gn', 'es', 'es', 'es', 'es', 'gn', 'gn', 'es', 'gn', 'mix', 'es', 'es', 'other', 'gn', 'es', 'other']",90.47619047619048,90.47619047619048,58.18181818181818,90.47619047619048
27,"['Ko', 'estructura', 'Central', 'Hidroeléctrica', 'Yasyretã-', 'ombohape', '24', 'jasypoapy', 'jave', '2019', '–', 'oiporúva', '33,576', 'oñembotývo', 'jasypateî', 'jave', 'ojekuaa', 'reporte', 'rupive', 'EBY', '.']","['gn', 'es', 'ne', 'ne', 'ne', 'ne', 'other', 'gn', 'gn', 'other', 'other', 'gn', 'other', 'gn', 'gn', 'gn', 'gn', 'es', 'gn', 'ne', 'other']","['gn', 'es', 'ne', 'ne', 'ne', 'gn', 'other', 'gn', 'gn', 'other', 'other', 'gn', 'other', 'gn', 'gn', 'gn', 'gn', 'es', 'gn', 'ne', 'other']",95.23809523809523,95.23809523809523,95.90643274853801,95.37733221943748
28,"['Péicha', 'oime', 'umi', 'asistente', 'funcionario', 'capacitado', ',', 'orekóva', 'insumo', 'de', 'bioseguridad', 'pertinente', '.']","['gn', 'gn', 'gn', 'es', 'es', 'es', 'other', 'gn', 'es', 'es', 'es', 'es', 'other']","['gn', 'gn', 'gn', 'es', 'es', 'es', 'other', 'gn', 'es', 'es', 'es', 'es', 'other']",100.0,100.0,100.0,100.0
29,"['CON', 'EDILBERTO', 'VARGAS', 'EN', 'PURAHÉI', 'RORY', 'POR', 'RADIO', 'CÁRITAS', 'URL']","['foreign', 'ne', 'ne', 'foreign', 'gn', 'ne', 'foreign', 'foreign', 'ne', 'foreign']","['es', 'ne', 'ne', 'es', 'ne', 'ne', 'es', 'ne', 'ne', 'other']",40.0,40.0,16.0,48.00000000000001
30,"['Peteî', 'akâ', 'osê', ""he'i"", '“', ""So'o"", '”', 'ha', 'ambuéva', 'avei', ""he'i"", '“', ""So'o"", '”', '.']","['gn', 'gn', 'gn', 'gn', 'other', 'gn', 'other', 'gn', 'gn', 'gn', 'gn', 'other', 'gn', 'other', 'other']","['gn', 'gn', 'gn', 'gn', 'other', 'gn', 'other', 'gn', 'gn', 'gn', 'gn', 'other', 'gn', 'other', 'other']",100.0,100.0,100.0,100.0
31,"[""Imandu'a"", 'orekóva', 'mercadería', 'Aduana-pe', ',', 'péva', 'chequeo', 'ha', 'intervención', 'oikóva', ',', ""oha'ãrõva"", 'oguahëvo', 'a', 'destino', '.']","['gn', 'gn', 'es', 'ne', 'other', 'gn', 'es', 'gn', 'es', 'gn', 'other', 'gn', 'gn', 'es', 'es', 'other']","['gn', 'gn', 'es', 'ne', 'other', 'gn', 'es', 'gn', 'es', 'gn', 'other', 'gn', 'gn', 'es', 'es', 'other']",100.0,100.0,100.0,100.0
32,"['Omyesakã', 'día', 'lunes', 'oikóva', 'omoañete', ""ko'ã"", 'representante', 'coalición', 'oîva', 'okaháre', '.']","['gn', 'es', 'es', 'gn', 'gn', 'gn', 'es', 'es', 'gn', 'gn', 'other']","['gn', 'es', 'es', 'gn', 'gn', 'gn', 'es', 'es', 'gn', 'gn', 'other']",100.0,100.0,100.0,100.0
33,"['Te', 'preocupas', 'en', 'ganar', 'plata', 'nomás', 'hei', 'jajaajajja', 'y', 'de', 'amor', 'co', 'no', 'se', 'vive', 'nde', 'itavya']","['es', 'es', 'es', 'es', 'es', 'es', 'gn', 'foreign', 'es', 'es', 'es', 'foreign', 'es', 'es', 'es', 'gn', 'gn']","['es', 'es', 'es', 'es', 'es', 'es', 'gn', 'es', 'es', 'es', 'es', 'gn', 'es', 'es', 'es', 'gn', 'gn']",88.23529411764706,88.23529411764706,60.57142857142858,93.57983193277312
34,"['Municipalidad', 'ombotove', 'Contraloría', 'he’íva', 'imandúpe']","['ne', 'gn', 'ne', 'gn', 'gn']","['ne', 'gn', 'ne', 'gn', 'gn']",100.0,100.0,100.0,100.0
35,"['Propuesta', 'orekova', 'deuda', 'pyahu', 'Itaipúpe', ',', 'ko’ágã', 'de', 'manera', 'informal', ',', 'oipyhýva', 'Gobierno', 'Mario', 'Abdo', 'Benítez', 'oiméva', 'plan', 'de', 'acción', 'ombohováivo', 'consecuencia', 'crisis', 'económica', 'oipyhýva', 'pandemia', '.']","['es', 'gn', 'es', 'gn', 'ne', 'other', 'gn', 'es', 'es', 'es', 'other', 'gn', 'es', 'ne', 'ne', 'ne', 'gn', 'es', 'es', 'es', 'gn', 'es', 'es', 'es', 'gn', 'es', 'other']","['es', 'gn', 'es', 'gn', 'ne', 'other', 'gn', 'es', 'es', 'es', 'other', 'gn', 'ne', 'ne', 'ne', 'ne', 'gn', 'es', 'es', 'es', 'gn', 'es', 'es', 'es', 'gn', 'es', 'other']",96.29629629629629,96.29629629629629,96.22222222222221,96.16460905349795
36,"['@USER', 'haces', 'bien', 'una', 'porqueria', 'es', 'el', 'ñembo', 'hd', 'de', '@USER']","['other', 'es', 'es', 'es', 'es', 'es', 'es', 'gn', 'foreign', 'es', 'other']","['ne', 'es', 'es', 'es', 'es', 'es', 'es', 'gn', 'es', 'es', 'ne']",72.72727272727273,72.72727272727273,38.666666666666664,76.96969696969697
37,"['Son', 'unos', 'inutiles', 'de', '1ra', '@USER', 'hee', '?', '...', 'En', 'un', 'sábado', 'bastante', 'kaigue', 'me', 'dejan', 'sin', 'Internet', 'y', 'Cable', 'TV', '.']","['es', 'es', 'es', 'es', 'ne', 'other', 'gn', 'other', 'other', 'es', 'es', 'es', 'es', 'gn', 'es', 'es', 'es', 'es', 'es', 'es', 'es', 'other']","['es', 'es', 'es', 'es', 'es', 'ne', 'gn', 'other', 'other', 'es', 'es', 'es', 'es', 'gn', 'es', 'es', 'es', 'es', 'es', 'es', 'es', 'other']",90.9090909090909,90.9090909090909,70.6221198156682,91.16045245077503
38,"['Así', 'que', 'amigos', ',', 'desde', 'hoy', 'por', 'favor', 'todos', 'háblenme', 'en', 'guaraní', 'pls', '.', 'Háke', ',', ""peñe'emi"", 'chéve', 'guaraníme', 'plz', '.']","['es', 'es', 'es', 'other', 'es', 'es', 'es', 'es', 'es', 'es', 'es', 'gn', 'foreign', 'other', 'gn', 'other', 'gn', 'gn', 'gn', 'foreign', 'other']","['es', 'es', 'es', 'other', 'es', 'es', 'es', 'es', 'es', 'es', 'es', 'es', 'other', 'other', 'gn', 'other', 'gn', 'gn', 'gn', 'other', 'other']",85.71428571428571,85.71428571428571,66.03174603174602,89.67498110355253
39,"['Nderakore', ',', 'aparte', 'de', 'ser', 'el', 'cuerno', 'nde', 'pesada', 'jey']","['gn', 'other', 'es', 'es', 'es', 'es', 'es', 'gn', 'es', 'gn']","['gn', 'other', 'es', 'es', 'es', 'es', 'es', 'gn', 'es', 'gn']",100.0,100.0,100.0,100.0
40,"['@USER', ':', 'Usuarios', 'de', 'Tigo', ',', 'no', 'es', ""gua'u"", 'cierto', 'esto', '.', 'Cc', ':', '@USER', 'URL', '@USER']","['other', 'other', 'es', 'es', 'ne', 'other', 'es', 'es', 'gn', 'es', 'es', 'other', 'other', 'other', 'other', 'foreign', 'other']","['ne', 'other', 'es', 'es', 'ne', 'other', 'es', 'es', 'gn', 'es', 'es', 'other', 'other', 'other', 'ne', 'other', 'ne']",76.47058823529412,76.47058823529412,62.28571428571429,75.7983193277311
41,"['@USER', 'ustedes', 'me', 'van', 'a', 'matar', 'cheraa']","['other', 'es', 'es', 'es', 'es', 'es', 'gn']","['ne', 'es', 'es', 'es', 'es', 'es', 'gn']",85.71428571428571,85.71428571428571,50.0,85.71428571428571
42,"['Oî', 'luto-pe', 'hikuái', 'Asociación', 'de', 'Músicos', 'del', 'Paraguay', '.']","['gn', 'gn', 'gn', 'ne', 'ne', 'ne', 'ne', 'ne', 'other']","['gn', 'mix', 'gn', 'ne', 'ne', 'ne', 'ne', 'ne', 'other']",88.88888888888889,88.88888888888889,70.0,84.44444444444444
43,"['Umi', 'organización', 'Juventud', 'en', 'Contramano', 'omotenonde', 'hikuái', 'sentata', 'calle', 'Oliva', 'ári', ',', 'oikéva', 'protesta', 'disposición', 'Poder', 'Ejecutivo', 'orekóva', 'ko', 'arangépe', '.']","['gn', 'es', 'ne', 'es', 'ne', 'gn', 'gn', 'gn', 'es', 'ne', 'gn', 'other', 'gn', 'es', 'es', 'es', 'es', 'gn', 'gn', 'gn', 'other']","['gn', 'es', 'ne', 'ne', 'ne', 'gn', 'gn', 'es', 'es', 'ne', 'gn', 'other', 'gn', 'es', 'es', 'ne', 'ne', 'gn', 'gn', 'gn', 'other']",80.95238095238095,80.95238095238095,81.86274509803921,80.29878618113912
44,"['@USER', 'Marco', 'prieto', 'no', 'es', 'nuestro', 'jugador', 'nde', '?', 'Jaja', 'qué', 'hacía', 'la', 'propaganda', 'de', 'Yak']","['other', 'ne', 'ne', 'es', 'es', 'es', 'es', 'gn', 'other', 'other', 'es', 'es', 'es', 'es', 'es', 'ne']","['ne', 'ne', 'ne', 'es', 'es', 'es', 'es', 'gn', 'other', 'es', 'es', 'es', 'es', 'es', 'es', 'ne']",87.5,87.5,82.61278195488721,90.0140977443609
45,"['Ambue', 'hovápe', 'oguereko', 'mokôi', 'korasô', 'Hesu', 'ha', 'María', ""mba'e"", ',', 'tai', 'M', ',', 'ojuasáva', 'peteî', 'kurusúre', 'ha', '12', 'mbyjáre', ""ñanemomandu'áva"", 'umi', '12', 'Hesu', 'Remimondóre', '.']","['gn', 'gn', 'gn', 'gn', 'gn', 'gn', 'gn', 'ne', 'gn', 'other', 'gn', 'ne', 'other', 'gn', 'gn', 'gn', 'gn', 'other', 'gn', 'gn', 'gn', 'other', 'gn', 'gn', 'other']","['gn', 'gn', 'gn', 'gn', 'gn', 'ne', 'gn', 'ne', 'gn', 'other', 'gn', 'gn', 'other', 'gn', 'gn', 'gn', 'gn', 'other', 'gn', 'gn', 'gn', 'other', 'ne', 'gn', 'other']",88.0,88.0,77.14285714285714,86.97142857142858
46,"['@USER', 'tigo', 'mundaha']","['other', 'foreign', 'gn']","['ne', 'ne', 'other']",0.0,0.0,0.0,0.0
47,"['“', 'Embajada', 'del', 'Paraguay', 'oiméva', 'Israel-pe', 'ko', 'pyhareve', 'omoañete', 'Cancillería', 'Nacional', ""ko'ágã"", 'Ministerio', 'de', 'Relaciones', 'Exteriores', 'Israelí', 'ary', 'oikévape', 'oiketáha', 'Paraguái', 'upe', 'convocatoria', 'de', 'becas', 'umi', 'profesionales', ',', ""ha'eháicha"", 'ambue', 'ary', 'oikohaguéicha', '”', ',', ""he'i"", 'comunicado', 'osêva', 'ko', 'cartera', 'estatal-gui', ',', 'orekphápe', 'decisión', 'oipyhýva', 'umi', 'autoridades', 'israelíes', '.']","['other', 'ne', 'ne', 'ne', 'gn', 'mix', 'gn', 'gn', 'gn', 'ne', 'ne', 'gn', 'ne', 'ne', 'ne', 'ne', 'ne', 'gn', 'gn', 'gn', 'gn', 'gn', 'es', 'ne', 'es', 'gn', 'es', 'other', 'gn', 'gn', 'gn', 'gn', 'other', 'other', 'gn', 'es', 'gn', 'gn', 'es', 'mix', 'other', 'gn', 'es', 'gn', 'gn', 'es', 'es', 'other']","['other', 'ne', 'ne', 'ne', 'gn', 'ne', 'gn', 'gn', 'gn', 'ne', 'ne', 'gn', 'ne', 'ne', 'ne', 'ne', 'ne', 'gn', 'gn', 'gn', 'ne', 'gn', 'es', 'es', 'es', 'gn', 'es', 'other', 'gn', 'gn', 'gn', 'gn', 'other', 'other', 'gn', 'es', 'gn', 'gn', 'es', 'mix', 'other', 'gn', 'es', 'gn', 'gn', 'es', 'es', 'other']",93.75,93.75,89.06036221487534,93.92548465126596
48,"['Ajerúre', 'ichupe', 'peteî', 'copia', 'umi', 'antecedente', 'comunicaciones', 'espontánea', 'orekóva', 'Ministerio', 'Público', 'tetã', 'Paraguái', 'ykére', 'oîvagui', ',', 'noñeme’êi', 'chéve', 'upe', 'copia', ',', 'ha', 'che', 'jurujái', 'apytávo', ',', 'ka’aru', 'aikuaávo', 'oñeallana', 'che', 'róga', ',', 'oheka', 'hikuái', 'peteî', 'supuesto', 'bolígrafo', '”', ',', 'omoañete', 'Volpe', 'ABC', 'Cardinal-pe', 'upe', 'procedimiento', 'oñemotenondéva', 'hógape', '.']","['gn', 'gn', 'gn', 'es', 'gn', 'es', 'es', 'es', 'gn', 'ne', 'ne', 'gn', 'ne', 'gn', 'gn', 'other', 'gn', 'gn', 'gn', 'es', 'other', 'gn', 'gn', 'gn', 'gn', 'other', 'gn', 'gn', 'gn', 'gn', 'gn', 'other', 'gn', 'gn', 'gn', 'es', 'es', 'other', 'other', 'gn', 'ne', 'ne', 'ne', 'gn', 'es', 'gn', 'gn', 'other']","['gn', 'gn', 'gn', 'es', 'gn', 'es', 'es', 'es', 'gn', 'ne', 'ne', 'ne', 'ne', 'gn', 'gn', 'other', 'gn', 'gn', 'gn', 'es', 'other', 'gn', 'gn', 'gn', 'gn', 'other', 'gn', 'gn', 'gn', 'gn', 'gn', 'other', 'gn', 'gn', 'gn', 'es', 'es', 'other', 'other', 'gn', 'ne', 'ne', 'ne', 'gn', 'es', 'gn', 'gn', 'other']",97.91666666666666,97.91666666666666,97.60522496371553,97.85619254958878
49,"['Mis', 'amigos', ':', 'Eguata', 'porãke', 'ani', 'nde', 'sy', 'nde', 'pilla', ""eka'uha"", 'Yo', ':', 'URL']","['es', 'es', 'other', 'gn', 'gn', 'gn', 'gn', 'foreign', 'gn', 'es', 'gn', 'es', 'other', 'foreign']","['es', 'es', 'other', 'gn', 'gn', 'gn', 'gn', 'gn', 'gn', 'mix', 'gn', 'es', 'other', 'other']",78.57142857142857,78.57142857142857,51.604395604395606,81.66405023547881
50,"['Omoherakuã', 'novedad', 'candidatura', 'Ulises', 'Quintana']","['gn', 'es', 'es', 'ne', 'ne']","['gn', 'es', 'es', 'ne', 'ne']",100.0,100.0,100.0,100.0
51,"['Sanmiguelino', 'apesâ', 'chemoirû', 'kopyhareve', ',', ""ko'emboyve"", '.', 'Peipirû', 'jahapa', 'hagua', 'Festival', 'Ovecharaguepe', '..']","['ne', 'gn', 'gn', 'gn', 'other', 'gn', 'other', 'gn', 'gn', 'gn', 'es', 'gn', 'unk']","['es', 'gn', 'gn', 'gn', 'other', 'gn', 'other', 'gn', 'gn', 'gn', 'ne', 'ne', 'other']",69.23076923076923,69.23076923076923,34.66666666666667,68.71794871794872
52,"['Oime', 'umi', ""mba'e"", 'oikotevêva', 'Gobierno', 'orekóva', 'memoria', 'colectiva', 'oitýva', 'tukumbo', 'ombotovévo', 'tesaráipe', '.']","['gn', 'gn', 'gn', 'gn', 'ne', 'gn', 'es', 'es', 'gn', 'gn', 'gn', 'gn', 'other']","['gn', 'gn', 'gn', 'gn', 'es', 'gn', 'es', 'es', 'gn', 'gn', 'gn', 'gn', 'other']",92.3076923076923,92.3076923076923,70.0,95.38461538461539
53,"['PÑS', 'OMOMBA’EGUASU', 'EMPRESA', 'PROYACK', 'OGUENOHẼRE', 'AO', 'IMARANDU', 'GUARANÍVA', 'URL']","['foreign', 'gn', 'es', 'foreign', 'foreign', 'foreign', 'foreign', 'gn', 'foreign']","['other', 'gn', 'es', 'ne', 'gn', 'gn', 'gn', 'gn', 'other']",33.33333333333333,33.33333333333333,31.428571428571427,42.857142857142854
54,"['Oguerovia', 'hikuái', 'ko', 'situación', 'oñenormalisa', 'ára', 'ouvape', '.']","['ne', 'gn', 'gn', 'es', 'gn', 'gn', 'gn', 'other']","['gn', 'gn', 'gn', 'es', 'mix', 'gn', 'gn', 'other']",75.0,75.0,55.99999999999999,75.0
55,"['@USER', 'No', 'puede', 'ser', 'que', 'nunca', 'escucharon', 'la', 'expresión', ':', '""', 'nde', ""mba'e"", 'rakamby', 'abierto', ',', 'kavaju', 'calesita', 'calesita', '""', '.']","['other', 'es', 'es', 'es', 'es', 'es', 'es', 'es', 'es', 'other', 'other', 'gn', 'gn', 'gn', 'es', 'other', 'gn', 'es', 'es', 'other', 'other']","['ne', 'es', 'es', 'es', 'es', 'es', 'es', 'es', 'es', 'other', 'other', 'gn', 'gn', 'gn', 'es', 'other', 'gn', 'es', 'es', 'other', 'other']",95.23809523809523,95.23809523809523,72.72727272727273,93.07359307359307
56,"[""Ko'ã"", 'parlamentario', 'omboguatáva', 'tendotakuérape', ',', 'Poder', 'Ejecutivo', ""oñemoîva'erã"", 'acuerdo', 'constitucional-pe', '.']","['gn', 'es', 'gn', 'gn', 'other', 'es', 'es', 'gn', 'es', 'mix', 'other']","['gn', 'es', 'gn', 'gn', 'other', 'ne', 'ne', 'gn', 'es', 'es', 'other']",72.72727272727273,72.72727272727273,51.42857142857142,70.12987012987013
57,"['@USER', 'Atopa', 'kuña', ""eñe'ea"", 'la', 'guaranime', 'hahaha', ""ha'e"", 'guaranime', 'añe´e', 'porave', 'ispañolguii']","['other', 'gn', 'gn', 'gn', 'es', 'gn', 'foreign', 'gn', 'gn', 'gn', 'gn', 'mix']","['ne', 'gn', 'gn', 'gn', 'gn', 'gn', 'gn', 'gn', 'gn', 'gn', 'gn', 'gn']",66.66666666666666,66.66666666666666,14.035087719298245,77.19298245614036
58,"['Oñemoñepyrũ', 'guarani', 'mbo’esyry', 'Hospital', 'Nacional', 'de', 'Itauguá', 'mba’apoharakuéra', 'ndive', 'URL', '@USER']","['gn', 'gn', 'gn', 'ne', 'ne', 'ne', 'ne', 'gn', 'gn', 'foreign', 'foreign']","['gn', 'gn', 'gn', 'ne', 'ne', 'ne', 'ne', 'gn', 'gn', 'other', 'ne']",81.81818181818183,81.81818181818183,47.22222222222222,85.85858585858585
59,"['Ko', 'grupo', ',', 'irundyha', 'rupive', ',', 'oñembyatýva', 'mbohapy', 'jey', 'arapokõindýpe', 'ha', 'oipytyvõva', 'empresa', 'Nutriforma', ',', 'ojapóva', 'actividad', 'física', 'ha', 'tembiapo', 'social', '.']","['gn', 'es', 'other', 'gn', 'gn', 'other', 'gn', 'gn', 'gn', 'gn', 'gn', 'gn', 'es', 'ne', 'other', 'gn', 'es', 'es', 'gn', 'gn', 'es', 'other']","['gn', 'es', 'other', 'gn', 'gn', 'other', 'gn', 'gn', 'gn', 'gn', 'gn', 'gn', 'es', 'ne', 'other', 'gn', 'es', 'es', 'gn', 'gn', 'es', 'other']",100.0,100.0,100.0,100.0
60,"['@USER', 'Seeee', 'amigo', 'oikoite', 'ñande', 'amiga', ',', 'nde', 'ahata', 'Villa', 'Halles', 'pe', 'hina', 'heta', 'la', 'amiwis', 'x', 'ahi']","['other', 'other', 'es', 'gn', 'gn', 'es', 'other', 'gn', 'gn', 'ne', 'ne', 'gn', 'gn', 'gn', 'es', 'foreign', 'other', 'gn']","['ne', 'es', 'es', 'gn', 'gn', 'es', 'other', 'gn', 'gn', 'ne', 'ne', 'gn', 'gn', 'gn', 'es', 'mix', 'other', 'es']",77.77777777777779,77.77777777777779,52.5,77.87037037037038
61,"['@USER', 'cada', 'UN', 'METRO', 'tengo', 'y', 'no', 'tengo', 'señal', '..', 'Se', 'pueden', 'pio', 'tranquilizar', 'ya', '!!', 'Se', 'tomaron', 'pio', 'conmigo', 'o', 'que', '??!!!!']","['other', 'es', 'foreign', 'foreign', 'es', 'es', 'es', 'es', 'es', 'other', 'es', 'es', 'foreign', 'es', 'es', 'other', 'es', 'es', 'foreign', 'es', 'es', 'es', 'other']","['ne', 'es', 'es', 'es', 'es', 'es', 'es', 'es', 'es', 'other', 'es', 'es', 'gn', 'es', 'es', 'other', 'es', 'es', 'gn', 'es', 'es', 'es', 'other']",78.26086956521739,78.26086956521739,35.892857142857146,80.47360248447204
62,"['Oikévo', 'altercado', ',', 'legisladora', 'ohasa', 'severo', 'cuestionamiento', 'iñirûnguéra', 'rehe', 'ha', 'omoañete', 'institución', ""ha'éva"", 'peteî', 'cueva', 'de', 'forajido', ',', 'tenda', 'oikehápe', 'delincuente', ',', 'ha', 'omohenda', 'iñirûnguéra', 'tavaygua', 'estafador', 'ha', 'upépe', 'oñeikytî', 'señal', 'TV', 'Cámara', ',', ""ko'ã"", 'transmisión', 'sesión', 'parlamentaria', 'jave', '.']","['gn', 'es', 'other', 'es', 'gn', 'es', 'es', 'gn', 'gn', 'gn', 'gn', 'es', 'gn', 'gn', 'es', 'es', 'es', 'other', 'gn', 'gn', 'es', 'other', 'gn', 'gn', 'gn', 'gn', 'es', 'gn', 'gn', 'gn', 'es', 'ne', 'ne', 'other', 'gn', 'es', 'es', 'es', 'gn', 'other']","['gn', 'es', 'other', 'es', 'gn', 'es', 'es', 'gn', 'gn', 'gn', 'gn', 'es', 'gn', 'gn', 'es', 'es', 'es', 'other', 'gn', 'gn', 'es', 'other', 'gn', 'gn', 'gn', 'gn', 'es', 'gn', 'gn', 'gn', 'es', 'ne', 'ne', 'other', 'gn', 'es', 'es', 'es', 'gn', 'other']",100.0,100.0,100.0,100.0
63,"['Así', '🤡🤡', 'quede', 'después', 'de', 'que', 'le', 'dije', 'a', 'mi', 'papá', 'que', 'era', 'un', 'amigo', 'no', 'más', 'y', 'se', 'me', 'salió', 'un', '""', 'chengo', 'la', 'anovia', 'ndahaei', 'nde', '""', 'jajajajajajaja', '😂😂😂']","['es', 'other', 'es', 'es', 'es', 'es', 'es', 'es', 'es', 'es', 'es', 'es', 'es', 'es', 'es', 'es', 'es', 'es', 'es', 'es', 'es', 'es', 'other', 'foreign', 'es', 'foreign', 'gn', 'gn', 'other', 'foreign', 'other']","['es', 'other', 'es', 'es', 'es', 'es', 'es', 'es', 'es', 'es', 'es', 'es', 'es', 'es', 'es', 'es', 'es', 'es', 'es', 'es', 'es', 'es', 'other', 'gn', 'es', 'mix', 'gn', 'gn', 'other', 'es', 'other']",90.32258064516128,90.32258064516128,55.55555555555556,93.18996415770609
64,"['He’i', 'Tupão', 'noîrî', 'lucha', 'de', 'clases', 'ykére', ',', 'pero', 'sí', 'ombotove', 'mezquindad', 'ha', 'indolencia', 'rico', 'orekóva', '.']","['gn', 'gn', 'gn', 'es', 'es', 'es', 'gn', 'other', 'es', 'es', 'gn', 'es', 'gn', 'es', 'es', 'gn', 'other']","['gn', 'ne', 'gn', 'es', 'es', 'es', 'gn', 'other', 'es', 'es', 'gn', 'es', 'es', 'es', 'es', 'gn', 'other']",88.23529411764706,88.23529411764706,69.36274509803921,86.10149942329873
65,"['Twis', 'en', 'Inglés', ',', 'árabe', ',', 'francés', ',', 'Etc', '.', 'Etc', '.', 'Che', 'atwiteata', 'Guaranime', ""mba'e"", '.']","['foreign', 'foreign', 'es', 'other', 'foreign', 'other', 'es', 'other', 'foreign', 'other', 'foreign', 'other', 'gn', 'gn', 'gn', 'gn', 'other']","['mix', 'es', 'es', 'other', 'es', 'other', 'es', 'other', 'es', 'other', 'es', 'other', 'gn', 'mix', 'gn', 'gn', 'other']",64.70588235294117,64.70588235294117,47.14285714285714,68.0672268907563
66,"['Ajuhu', 'peteî', 'número', 'de', 'teléfono', ',', 'ha', 'ahenói', '.']","['gn', 'gn', 'es', 'es', 'es', 'other', 'gn', 'gn', 'other']","['gn', 'gn', 'es', 'es', 'es', 'other', 'gn', 'gn', 'other']",100.0,100.0,100.0,100.0
67,"[""Ha'éniko"", 'upe', ""ohecha'ypýraka'e"", 'umi', 'tuguy', 'aty', 'ABO', 'ha', 'upévare', ""oñeme'êkuri"", 'chupe', 'Jopói', 'Nobel', 'ary', '1930-pe', '.']","['gn', 'gn', 'gn', 'gn', 'gn', 'gn', 'ne', 'gn', 'gn', 'gn', 'gn', 'gn', 'ne', 'gn', 'ne', 'other']","['gn', 'gn', 'gn', 'gn', 'gn', 'gn', 'other', 'gn', 'gn', 'gn', 'gn', 'ne', 'ne', 'gn', 'mix', 'other']",81.25,81.25,50.57971014492754,79.09420289855073
68,"['Museo', 'Casa', 'de', 'la', 'Independencia', 'oñeinauguró', 'pyhareve', 'peteî', 'espacio', 'infantil', ""ko'ã"", 'mitãnguéra', 'oikuaa', 'haguã', 'umi', 'objeto', 'valioso', ',', 'siglo', 'XIX', 'guare', '.']","['ne', 'ne', 'ne', 'ne', 'ne', 'gn', 'gn', 'gn', 'es', 'es', 'gn', 'gn', 'gn', 'gn', 'gn', 'es', 'es', 'other', 'es', 'ne', 'gn', 'other']","['ne', 'ne', 'ne', 'ne', 'ne', 'mix', 'gn', 'gn', 'es', 'es', 'gn', 'gn', 'gn', 'gn', 'gn', 'es', 'es', 'other', 'es', 'other', 'gn', 'other']",90.9090909090909,90.9090909090909,73.0053475935829,88.52211959163832
69,"['Tetã', 'iñapañuãi', 'pypuku', 'apañuãi', 'política', ',', 'umi', 'tavaygua', 'Jesús-gua', 'imandu’a', 'fundación', 'aniversario']","['gn', 'gn', 'gn', 'gn', 'es', 'other', 'gn', 'gn', 'ne', 'gn', 'es', 'es']","['gn', 'gn', 'gn', 'gn', 'es', 'other', 'gn', 'gn', 'ne', 'gn', 'es', 'es']",100.0,100.0,100.0,100.0
70,"['María', 'Auxiliadora', ',', '120', 'años', 'tetãme']","['ne', 'ne', 'other', 'other', 'es', 'gn']","['ne', 'ne', 'other', 'other', 'es', 'gn']",100.0,100.0,100.0,100.0
71,"['Arriéro', 'sin', 'esperanza', 'ĝuaiĝui', 'rumby']","['ne', 'es', 'es', 'gn', 'gn']","['gn', 'es', 'es', 'gn', 'gn']",80.0,80.0,60.0,88.00000000000001
72,"['A', 'esas', 'personas', 'que', 'no', 'hablan', 'guaraní', 'porque', 'dicen', 'que', 'es', '""', 'pelada', '""', ',', ""añe'epaiteta"", 'guaranime', 'ha', ""ambopy'atarovata"", 'chugui', '.']","['other', 'es', 'es', 'es', 'es', 'es', 'gn', 'es', 'es', 'es', 'es', 'other', 'es', 'other', 'other', 'gn', 'gn', 'gn', 'gn', 'gn', 'other']","['es', 'es', 'es', 'es', 'es', 'es', 'es', 'es', 'es', 'es', 'es', 'other', 'es', 'other', 'other', 'gn', 'gn', 'gn', 'gn', 'gn', 'other']",90.47619047619048,90.47619047619048,90.23569023569023,90.52429052429054
73,"['Poder', 'Judicial', 'ha', 'Ministerio', 'Público', 'ha’e', 'peteï', 'calamidad', 'ha', 'ndaha’éiva', 'político', 'causa', 'añónte', '.']","['ne', 'ne', 'gn', 'ne', 'ne', 'unk', 'gn', 'es', 'gn', 'unk', 'es', 'es', 'gn', 'other']","['ne', 'ne', 'gn', 'ne', 'ne', 'gn', 'gn', 'es', 'gn', 'gn', 'es', 'es', 'gn', 'other']",85.71428571428571,85.71428571428571,76.0,91.42857142857143
74,"['ABC', 'remiandu', ':', 'OEA', 'ha', 'Unasur', 'ojuavy', 'tuicha', 'URL', 'Vía', '@USER']","['ne', 'gn', 'other', 'ne', 'gn', 'ne', 'gn', 'gn', 'ne', 'ne', 'other']","['ne', 'gn', 'other', 'ne', 'gn', 'ne', 'gn', 'gn', 'other', 'es', 'ne']",72.72727272727273,72.72727272727273,54.166666666666664,69.69696969696969
75,"['Consigna', 'orekóva', 'endeudamiento', 'Itaipúpe', ',', 'topa', 'oportunidad', '2023-pe', ',', 'ome’êva', 'movilizaciones', 'ciudadana', 'Paraguaýpe', 'ha', 'Hernandarias', '.']","['es', 'gn', 'es', 'ne', 'other', 'gn', 'es', 'ne', 'other', 'gn', 'es', 'es', 'ne', 'gn', 'ne', 'other']","['es', 'gn', 'es', 'ne', 'other', 'gn', 'es', 'other', 'other', 'gn', 'es', 'es', 'ne', 'gn', 'ne', 'other']",93.75,93.75,92.85714285714286,93.75
76,"['Conferencia', 'de', 'prensa', 'ko', 'jueves', 'guive', ',', 'ministro', 'de', 'Salud', ',', 'Julio', 'Mazzoleni', ',', 'omoañete', 'fase', 'mbohapýha', '“', 'cuarentena', 'inteligente', '”', ',', 'omoañetéva', 'relajación', 'oimévo', 'etapa', 'orekóva', 'medida', 'restrictiva', 'circulación', 'ha', 'actividad', 'laboral', ',', 'deportiva', 'ha', 'entretenimiento', ',', 'ko’ãva', ',', 'Gobierno', 'ojoko', 'heta', 'mba’e', 'ohapejokóvo', 'pandemia', 'COVID-19', 'Paraguáipe', '.']","['ne', 'ne', 'es', 'gn', 'es', 'gn', 'other', 'es', 'ne', 'es', 'other', 'ne', 'ne', 'other', 'gn', 'es', 'gn', 'other', 'es', 'es', 'other', 'other', 'gn', 'es', 'gn', 'es', 'gn', 'es', 'es', 'es', 'gn', 'es', 'es', 'other', 'es', 'gn', 'es', 'other', 'gn', 'other', 'es', 'gn', 'gn', 'gn', 'gn', 'es', 'foreign', 'gn', 'other']","['es', 'es', 'es', 'gn', 'es', 'gn', 'other', 'es', 'es', 'es', 'other', 'ne', 'ne', 'other', 'gn', 'es', 'gn', 'other', 'es', 'es', 'other', 'other', 'gn', 'es', 'gn', 'es', 'gn', 'es', 'es', 'es', 'gn', 'es', 'es', 'other', 'es', 'gn', 'es', 'other', 'gn', 'other', 'es', 'gn', 'gn', 'gn', 'gn', 'es', 'foreign', 'ne', 'other']",91.83673469387756,91.83673469387756,87.77188328912466,92.65685053862394
77,"['Nde', 'no', 'podre', 'beber', 'por', '10', 'dias', 'hei', '..']","['gn', 'es', 'es', 'es', 'es', 'other', 'es', 'gn', 'other']","['gn', 'es', 'es', 'es', 'es', 'other', 'es', 'gn', 'other']",100.0,100.0,100.0,100.0
78,"['Dirección', 'de', 'Meteorología', 'ombopyahu', 'tormenta', ',', 'omokyre’ÿvo', 'poapy', 'departamento', 'centro', ',', 'este', ',', 'noreste', 'región', 'Oriental', 'ha', 'Chaco', 'paraguayo', '.']","['ne', 'ne', 'ne', 'gn', 'es', 'other', 'gn', 'gn', 'es', 'es', 'other', 'es', 'other', 'es', 'es', 'ne', 'gn', 'ne', 'es', 'other']","['es', 'es', 'es', 'gn', 'es', 'other', 'gn', 'gn', 'es', 'es', 'other', 'es', 'other', 'es', 'ne', 'ne', 'gn', 'ne', 'ne', 'other']",75.0,75.0,77.77777777777777,75.55555555555556
79,"['José', 'Gaspar', 'Rodríguez', 'de', 'Francia', '”', ',', 'odestecha', 'yvytu', 'hatã', 'oipejúva', ',', 'ha', 'ambue', 'táva', 'jerére', 'oï', 'okukúiva', ""óga'imi"", '.']","['ne', 'ne', 'ne', 'ne', 'ne', 'other', 'other', 'gn', 'gn', 'gn', 'gn', 'other', 'gn', 'gn', 'gn', 'gn', 'gn', 'gn', 'gn', 'other']","['ne', 'ne', 'ne', 'ne', 'ne', 'other', 'other', 'gn', 'gn', 'gn', 'gn', 'other', 'gn', 'gn', 'gn', 'gn', 'gn', 'gn', 'gn', 'other']",100.0,100.0,100.0,100.0
80,"['Omyesakã', 'orekóha', 'intención', 'oipytyvõva', 'jeporavo', 'peteî', 'senador', 'Añetete', 'orekóva', 'titular', 'Congreso-gua', ',', 'upéicha', 'disidencia', ""ojapova'erã"", 'lo', 'propio', ',', ""ome'êvo"", 'pytyvõ', 'diputado', 'cartista-pe', '.']","['gn', 'gn', 'es', 'gn', 'gn', 'gn', 'es', 'ne', 'gn', 'es', 'ne', 'other', 'gn', 'es', 'gn', 'es', 'es', 'other', 'gn', 'gn', 'es', 'ne', 'other']","['gn', 'gn', 'es', 'gn', 'gn', 'gn', 'es', 'ne', 'gn', 'es', 'mix', 'other', 'gn', 'es', 'gn', 'es', 'es', 'other', 'gn', 'gn', 'es', 'mix', 'other']",91.30434782608695,91.30434782608695,70.0,89.13043478260869
81,"['""', 'Umi', 'ñomongeta', 'ha', 'joaju', 'iktu', ""ome'ê"", 'resultado', 'iporãva', 'ha', 'ojehu', 'heta', ""mba'e"", 'omoabuéva', '.']","['other', 'gn', 'gn', 'gn', 'gn', 'gn', 'gn', 'es', 'gn', 'gn', 'gn', 'gn', 'gn', 'gn', 'other']","['other', 'gn', 'gn', 'gn', 'gn', 'gn', 'gn', 'es', 'gn', 'gn', 'gn', 'gn', 'gn', 'gn', 'other']",100.0,100.0,100.0,100.0
82,"['Ára', '14', 'jasypoteî', 'ñavô', 'arygua', ""ojegueromandu'a"", 'TUGUY', ""ME'ÊHÁRA"", 'ÁRA', ',', ""omoheñoiva'ekue"", 'Tesâi', 'Yvoragua', 'Atypavê', '–', 'OMS', 'ary', '2004-pe', '.']","['gn', 'other', 'gn', 'gn', 'gn', 'gn', 'foreign', 'foreign', 'gn', 'other', 'gn', 'gn', 'gn', 'gn', 'other', 'foreign', 'gn', 'gn', 'other']","['gn', 'other', 'gn', 'gn', 'gn', 'gn', 'gn', 'gn', 'gn', 'other', 'gn', 'ne', 'ne', 'ne', 'other', 'ne', 'gn', 'other', 'other']",63.1578947368421,63.1578947368421,40.4040404040404,61.669324827219576
83,"['Ha', 'guaranime', 'teikoteero', '.', 'Pero', 'heta', 'mba’e', 'jajapota', 'oñondivepa']","['gn', 'gn', 'gn', 'other', 'es', 'gn', 'unk', 'gn', 'gn']","['gn', 'gn', 'gn', 'other', 'es', 'gn', 'gn', 'gn', 'gn']",88.88888888888889,88.88888888888889,73.07692307692308,94.01709401709401
84,"['@USER', 'Nda', 'kiririmoai', 'ndeve', 'nde', 'rygue', 'tambor']","['other', 'gn', 'gn', 'gn', 'gn', 'gn', 'es']","['ne', 'gn', 'gn', 'gn', 'gn', 'gn', 'es']",85.71428571428571,85.71428571428571,50.0,85.71428571428571
85,"[""Añe'ero"", 'ndeve', 'guaranime', 'che', 'raihuveta', '?', '@USER', ':(', 'No', 'entendes', 'guarani', '?', 'No', '?', 'Bueno', ':(']","['gn', 'gn', 'gn', 'gn', 'gn', 'other', 'other', 'other', 'es', 'es', 'gn', 'other', 'es', 'other', 'es', 'other']","['gn', 'gn', 'gn', 'gn', 'gn', 'other', 'ne', 'other', 'es', 'es', 'es', 'other', 'es', 'other', 'es', 'other']",87.5,87.5,67.67676767676768,84.59595959595958
86,"['@USER', ""añe'eta"", 'ndeve', 'guaranime', 'osegui', 'nio', 'cheve', 'petei', 'CHOLO', 'ivaiva', 'rehegua', '!!!', 'umia', 'KOREKOGUA', '!!!', 'jajajaja', 'amanose', 'feibu', 'entero', 'che', 'agregapama']","['other', 'gn', 'gn', 'gn', 'gn', 'gn', 'gn', 'gn', 'ne', 'gn', 'gn', 'other', 'gn', 'ne', 'other', 'foreign', 'foreign', 'foreign', 'es', 'gn', 'gn']","['ne', 'gn', 'gn', 'gn', 'mix', 'gn', 'gn', 'gn', 'es', 'gn', 'gn', 'other', 'gn', 'gn', 'other', 'other', 'gn', 'foreign', 'es', 'gn', 'mix']",66.66666666666666,66.66666666666666,44.44444444444444,65.87301587301587
87,"['Upéi', ',', 'Tupâsy', 'Maria', 'akâ', 'jerere', 'ojehecha', 'peteî', ""mba'erendy"", ""he'ihápe"", '“', 'Ha', ',', 'Maria', 'nde', 'reko', ""angaipa'ŷva"", ',', ""oñembo'emína"", 'orerehe', 'rojeroviáva', 'nderehe', '”', '.']","['gn', 'other', 'gn', 'ne', 'gn', 'gn', 'gn', 'gn', 'gn', 'gn', 'other', 'gn', 'other', 'ne', 'gn', 'gn', 'gn', 'other', 'gn', 'gn', 'gn', 'gn', 'other', 'other']","['gn', 'other', 'gn', 'ne', 'gn', 'gn', 'gn', 'gn', 'gn', 'gn', 'other', 'gn', 'other', 'ne', 'gn', 'gn', 'gn', 'other', 'gn', 'gn', 'gn', 'gn', 'other', 'other']",100.0,100.0,100.0,100.0
88,"['29', 'de', 'setiembre', '""', 'Batalla', 'de', 'Boquerón', '""', '.', '¡', ""Ñamomba'eguasu"", 'ñande', 'rapykuere', '!']","['other', 'ne', 'es', 'other', 'ne', 'ne', 'ne', 'other', 'other', 'other', 'gn', 'gn', 'gn', 'other']","['other', 'es', 'es', 'other', 'es', 'es', 'ne', 'other', 'other', 'other', 'gn', 'gn', 'gn', 'other']",78.57142857142857,78.57142857142857,70.0,78.57142857142857
89,"['Ombotove', 'propaganda', 'electoral', 'extemporánea']","['gn', 'es', 'es', 'es']","['gn', 'es', 'es', 'es']",100.0,100.0,100.0,100.0
90,"['Momarandu', 'avei', 'ombohasaha', 'oñepyrûva', 'umi', 'procedimiento', 'penal', 'Sandra', 'McLeod', 'de', 'Zacarías', ',', 'senador', 'rembireko', ',', 'avei', 'oime', 'imputada', 'ko', 'hecho', 'punible', 'rehe', '.']","['gn', 'gn', 'gn', 'gn', 'gn', 'es', 'es', 'ne', 'ne', 'ne', 'ne', 'other', 'es', 'gn', 'other', 'gn', 'gn', 'es', 'gn', 'es', 'es', 'gn', 'other']","['gn', 'gn', 'gn', 'gn', 'gn', 'es', 'es', 'ne', 'ne', 'ne', 'ne', 'other', 'es', 'gn', 'other', 'gn', 'gn', 'es', 'gn', 'es', 'es', 'gn', 'other']",100.0,100.0,100.0,100.0
91,"['@USER', 'Muy', 'buen', 'día', 'Melly', 'mbaeichapa', 'nde', 'koē', 'kuña', 'guapa']","['other', 'es', 'es', 'es', 'ne', 'gn', 'gn', 'gn', 'gn', 'es']","['ne', 'es', 'es', 'es', 'ne', 'gn', 'gn', 'gn', 'gn', 'mix']",80.0,80.0,50.476190476190474,79.04761904761905
92,"['Ha', 'umi', 'lista', 'oñembohasáva', ""ndaha'éiha"", '.']","['gn', 'gn', 'es', 'gn', 'gn', 'other']","['gn', 'gn', 'es', 'gn', 'gn', 'other']",100.0,100.0,100.0,100.0
93,"['@USER', 'Yo', 'lo', 'que', 'quiero', 'saber', ',', 'mbae', 'mbaepio', 'la', 'orekova', 'pe', 'Boselli', ',', 'ni', 'kururu', 'ningo', 'ndo', 'shutai', '🤔🤔']","['other', 'es', 'es', 'es', 'es', 'es', 'other', 'gn', 'gn', 'es', 'gn', 'gn', 'ne', 'other', 'es', 'gn', 'gn', 'gn', 'gn', 'other']","['ne', 'es', 'es', 'es', 'es', 'es', 'other', 'gn', 'gn', 'gn', 'gn', 'gn', 'ne', 'other', 'es', 'gn', 'gn', 'gn', 'foreign', 'other']",85.0,85.0,66.43772893772895,82.21611721611723
94,"['EL', 'PAPA', 'FRANCISCO', 'EN', 'PARAGUAY', ':', '10', ',', '11', 'Y', '12', 'DE', 'JULIO', 'Oîma', 'ñane', 'retâme', ',', 'oîma', 'ñande', 'apytépe', '.', ""Ha'e"", 'ohayhu', 'ñane', ""ñe'ê""]","['es', 'ne', 'ne', 'es', 'ne', 'other', 'other', 'other', 'other', 'other', 'other', 'es', 'ne', 'gn', 'gn', 'gn', 'other', 'gn', 'gn', 'gn', 'other', 'gn', 'gn', 'gn', 'gn']","['es', 'ne', 'ne', 'es', 'ne', 'other', 'other', 'other', 'other', 'es', 'other', 'es', 'es', 'gn', 'gn', 'gn', 'other', 'gn', 'gn', 'gn', 'other', 'gn', 'gn', 'gn', 'gn']",92.0,92.0,88.51190476190476,91.4190476190476
95,"['Ha', 'upei', 'los', 'Licenciado', 'kuera', ',', 'pemoi', 'mimi', 'pio', '?']","['gn', 'gn', 'es', 'ne', 'gn', 'other', 'gn', 'gn', 'gn', 'other']","['gn', 'gn', 'es', 'es', 'mix', 'other', 'gn', 'gn', 'gn', 'other']",80.0,80.0,51.515151515151516,78.78787878787878
96,"[""Pya'ete"", ""romba'apóta"", 'umi', 'centro', 'de', 'rehabilitación', 'mitãrusu', 'ha', 'mitãkuñanguéra', 'oñereinserta', 'ñande', 'sociedad-pe', '.']","['gn', 'gn', 'gn', 'es', 'es', 'es', 'gn', 'gn', 'gn', 'gn', 'gn', 'mix', 'other']","['gn', 'gn', 'gn', 'es', 'es', 'es', 'gn', 'gn', 'gn', 'mix', 'gn', 'es', 'other']",84.61538461538461,84.61538461538461,69.76190476190476,84.32234432234432
97,"['Pomberoicha', 'ivai', 'ha', 'iñaña', 'jey', '.', 'Orekopaite', 'voi', '.', 'Si', 'nde', 'vai', 'al', 'menos', 'tenés', 'que', 'ser', 'buena', 'persona', 'y', 'no', 'querer', 'cagarle', 'a', 'otras', 'personas', '.']","['ne', 'gn', 'gn', 'gn', 'gn', 'other', 'ne', 'gn', 'other', 'es', 'gn', 'gn', 'es', 'es', 'es', 'es', 'es', 'es', 'es', 'es', 'es', 'es', 'es', 'es', 'es', 'es', 'other']","['gn', 'gn', 'gn', 'gn', 'gn', 'other', 'gn', 'gn', 'other', 'es', 'gn', 'gn', 'es', 'es', 'es', 'es', 'es', 'es', 'es', 'es', 'es', 'es', 'es', 'es', 'es', 'es', 'other']",92.5925925925926,92.5925925925926,71.875,95.83333333333334
98,"['Arareñóime', 'opa', ""mba'e"", 'iñambue']","['gn', 'gn', 'gn', 'gn']","['gn', 'gn', 'gn', 'gn']",100.0,100.0,100.0,100.0
99,"['Ramírez', 'otaky', 'confianza', 'ministro', 'de', 'Educación', ',', 'Eduardo', 'Petta', ',', 'orekóva', 'capacidad', 'sistema', 'educativo', 'oipyhýva', 'sistema', 'ojeporúva', 'internet', 'rupive', ',', 'ko’ápe', 'Ministerio', 'de', 'Educación', 'y', 'Ciencias', '(', 'MEC', ')', 'omokyre’ÿva', 'plataforma', 'educativa', 'digital', '.']","['ne', 'gn', 'es', 'es', 'ne', 'ne', 'other', 'ne', 'ne', 'other', 'gn', 'es', 'es', 'es', 'gn', 'es', 'gn', 'es', 'gn', 'other', 'gn', 'ne', 'ne', 'ne', 'es', 'es', 'other', 'ne', 'other', 'gn', 'es', 'es', 'es', 'other']","['ne', 'gn', 'es', 'es', 'es', 'es', 'other', 'ne', 'ne', 'other', 'gn', 'es', 'es', 'es', 'gn', 'es', 'gn', 'foreign', 'gn', 'other', 'gn', 'ne', 'ne', 'ne', 'ne', 'ne', 'other', 'ne', 'other', 'gn', 'es', 'es', 'es', 'other']",85.29411764705883,85.29411764705883,71.20772946859904,84.14322250639387
100,"[""Ko'ápe"", ""ko'ã"", 'chokokue', 'ojoaju', 'Ministerio', 'de', 'Agricultura', 'y', 'Ganadería', '(', 'MAG', ')', 'periodo', 'Horacio', 'Cartes', ',', ""ome'êva"", 'comité', 'agricultores', 'tractores', 'araje-pe', 'guarã', 'ha', ""omokyre'ÿ"", 'pulverización', 'ñemitÿ', 'rehe', 'noipytyvõiva', 'ojeporu', 'porã', 'haguã', 'yvy', '.']","['gn', 'gn', 'gn', 'gn', 'ne', 'ne', 'ne', 'ne', 'ne', 'other', 'ne', 'other', 'es', 'ne', 'ne', 'other', 'gn', 'es', 'es', 'es', 'gn', 'gn', 'gn', 'gn', 'es', 'gn', 'gn', 'gn', 'gn', 'gn', 'gn', 'gn', 'other']","['gn', 'gn', 'gn', 'gn', 'ne', 'ne', 'ne', 'ne', 'ne', 'other', 'ne', 'other', 'es', 'ne', 'ne', 'other', 'gn', 'es', 'es', 'es', 'gn', 'gn', 'gn', 'gn', 'es', 'gn', 'gn', 'gn', 'gn', 'gn', 'gn', 'gn', 'other']",100.0,100.0,100.0,100.0
101,"['Péicha', 'umi', 'maranduhára', 'comunitario', 'ogueromandu’a', 'ha', 'omomba’eguasu', 'yvyramáta', 'ha', 'monte', 'intacto', 'kuaandy', 'umi', 'pueblo', 'indígena-kuéra', ',', 'oimeháme', ',', 'ojuhúvo', 'hi’upyrã', ',', 'ohechávo', 'umi', 'pohã', 'salud-pe', 'guarã', '.']","['gn', 'gn', 'gn', 'es', 'gn', 'gn', 'gn', 'gn', 'gn', 'es', 'es', 'gn', 'gn', 'es', 'ne', 'other', 'gn', 'other', 'gn', 'gn', 'other', 'gn', 'gn', 'gn', 'ne', 'gn', 'other']","['gn', 'gn', 'gn', 'es', 'gn', 'gn', 'gn', 'gn', 'gn', 'es', 'es', 'gn', 'gn', 'es', 'mix', 'other', 'gn', 'other', 'gn', 'gn', 'other', 'gn', 'gn', 'gn', 'mix', 'gn', 'other']",92.5925925925926,92.5925925925926,60.0,92.5925925925926
102,"['Nde', 'mbae', 'jajapota', ',', 'así', 'es', 'la', 'vida', '.']","['gn', 'gn', 'gn', 'other', 'es', 'es', 'es', 'es', 'other']","['gn', 'gn', 'gn', 'other', 'es', 'es', 'es', 'es', 'other']",100.0,100.0,100.0,100.0
103,"['Marito', 'ojerúre', 'ñemoirü', 'Partido', 'Colorado', 'oguahëvo', 'victorioso', 'elecciones', 'abril', 'oúvape', '.']","['ne', 'gn', 'gn', 'es', 'es', 'gn', 'es', 'es', 'es', 'gn', 'other']","['ne', 'gn', 'gn', 'ne', 'ne', 'gn', 'es', 'es', 'es', 'gn', 'other']",81.81818181818183,81.81818181818183,81.25,79.54545454545455
104,"['Ko’áĝaiko', 'mba’e', 'ára', ',', 'he’íje', 'farra-hápe', 'iko’êmbava’ekue', '.']","['gn', 'gn', 'gn', 'other', 'gn', 'gn', 'gn', 'other']","['gn', 'gn', 'gn', 'other', 'gn', 'mix', 'gn', 'other']",87.5,87.5,63.63636363636363,81.81818181818181
105,"['El', 'kururu', '(', 'sapo', ')', 'en', 'la', 'cultura', 'Guarani', 'y', 'paraguaya', 'URL']","['es', 'gn', 'other', 'es', 'other', 'es', 'es', 'es', 'ne', 'es', 'ne', 'foreign']","['es', 'gn', 'other', 'es', 'other', 'es', 'es', 'es', 'es', 'es', 'es', 'other']",75.0,75.0,53.142857142857146,85.47619047619047
106,"['@USER', 'tomboguerohory', 'nde', 'eveni', 'haguere', 'al', 'club', 'olimpia', 'maitei', '🙏🏻', 'ha', 'exito', 'ha', 'osali', 'porãpa', 'ndeve', 'las', 'cosas']","['other', 'gn', 'gn', 'gn', 'gn', 'es', 'es', 'ne', 'gn', 'other', 'gn', 'es', 'gn', 'gn', 'gn', 'gn', 'es', 'es']","['ne', 'gn', 'gn', 'gn', 'gn', 'es', 'es', 'ne', 'gn', 'other', 'gn', 'es', 'gn', 'gn', 'gn', 'gn', 'es', 'es']",94.44444444444444,94.44444444444444,83.33333333333333,94.44444444444444
107,"['MARANDU', 'REÑOIHAGUE', ':', '“', 'Aranduka', 'Itaju', 'Tetâ', 'Tavaguasu', ""Mbo'ehaoguigua"", '”', ""ohaiva'ekue"", 'tembikuaajára', 'Angel', 'Domingo', 'Sosa', '.']","['ne', 'ne', 'other', 'other', 'ne', 'ne', 'ne', 'ne', 'ne', 'other', 'gn', 'gn', 'ne', 'ne', 'ne', 'other']","['gn', 'gn', 'other', 'other', 'gn', 'gn', 'gn', 'gn', 'gn', 'other', 'gn', 'gn', 'ne', 'ne', 'ne', 'other']",56.25,56.25,60.83916083916085,54.10839160839161
108,"['@USER', 'A', 'vos', 'pico', 'quien', 'te', 'pregunto', 'nde', 'tembo', ',', 'ekañy', 'a', 'tu', 'país', 'mbae', '🙄🙄🙄🙄']","['other', 'other', 'gn', 'foreign', 'foreign', 'foreign', 'foreign', 'gn', 'gn', 'other', 'gn', 'other', 'foreign', 'es', 'gn', 'other']","['ne', 'es', 'es', 'gn', 'es', 'es', 'es', 'gn', 'gn', 'other', 'gn', 'es', 'es', 'es', 'gn', 'other']",43.75,43.75,31.87301587301587,43.25396825396825
109,"['Ñemopotî', 'Tekoha', 'pyhareve', 'guive', 'oñepyrûvo', 'organización', 'civil', '“', 'Guardianes', 'del', 'Bosque', '”', '.']","['gn', 'gn', 'gn', 'gn', 'gn', 'es', 'es', 'other', 'ne', 'ne', 'ne', 'other', 'other']","['gn', 'gn', 'gn', 'gn', 'gn', 'es', 'es', 'other', 'ne', 'ne', 'ne', 'other', 'other']",100.0,100.0,100.0,100.0
110,"['Empresa', 'Palermo', ',', 'Grupo', 'Cartes', ',', 'ombohovái', 'cruce', 'de', 'llamada', 'investigación', 'rehegua', 'upe', '31M', '.']","['ne', 'ne', 'other', 'ne', 'ne', 'other', 'gn', 'es', 'es', 'es', 'es', 'gn', 'gn', 'foreign', 'other']","['ne', 'ne', 'other', 'ne', 'ne', 'other', 'gn', 'es', 'es', 'es', 'es', 'gn', 'gn', 'other', 'other']",93.33333333333333,93.33333333333333,77.14285714285715,96.19047619047619
111,"['@USER', 'Ña', 'môkô', 'py', '!', '-', 'No', 'lunes', 'no', 'es', 'día', 'para', '🍻🍻🥃', ""E'a"", '!', 'pea', ""ndaha'ei"", 'jarabe', 'emoî', 'haguâ', 'ichupe', 'día', 'y', 'hora', '.']","['other', 'gn', 'gn', 'gn', 'other', 'other', 'es', 'es', 'es', 'es', 'es', 'es', 'other', 'gn', 'other', 'gn', 'gn', 'es', 'gn', 'gn', 'gn', 'es', 'es', 'es', 'other']","['ne', 'gn', 'gn', 'gn', 'other', 'other', 'es', 'es', 'es', 'es', 'es', 'es', 'other', 'gn', 'other', 'gn', 'gn', 'es', 'gn', 'gn', 'gn', 'es', 'es', 'es', 'other']",96.0,96.0,72.72727272727273,94.18181818181819
112,"['Guarani', 'niko', 'yma', 'ymaite', 'guive', 'ha', 'ko’ag̃aite', 'peve', 'ojeporu', 'oñeñomongeta', 'ha', 'ojejokupyty', 'hag̃ua', 'ñane', 'retãme', '.', 'Guarani', 'niko', 'ñane', 'ñe’ẽ', ';', 'guarani', 'ñane', 'moambue', ';', 'guarani', 'ñande', 'apo', 'upe', 'ñande', 'haichaite', '...', 'he’iséva', 'ñanembo', 'Paraguái', 'reko', '.', 'Ñambojajáikena', 'akóinte', 'ñane', 'guarani', '!', '@USER']","['gn', 'gn', 'gn', 'gn', 'gn', 'gn', 'gn', 'gn', 'gn', 'gn', 'gn', 'gn', 'gn', 'gn', 'gn', 'other', 'gn', 'gn', 'gn', 'gn', 'other', 'gn', 'gn', 'gn', 'other', 'gn', 'gn', 'gn', 'gn', 'gn', 'gn', 'other', 'gn', 'gn', 'ne', 'gn', 'other', 'gn', 'gn', 'gn', 'gn', 'other', 'other']","['gn', 'gn', 'gn', 'gn', 'gn', 'gn', 'gn', 'gn', 'gn', 'gn', 'gn', 'gn', 'gn', 'gn', 'gn', 'other', 'gn', 'gn', 'gn', 'gn', 'other', 'gn', 'gn', 'gn', 'other', 'gn', 'gn', 'gn', 'gn', 'gn', 'gn', 'other', 'gn', 'gn', 'ne', 'gn', 'other', 'gn', 'gn', 'gn', 'gn', 'other', 'ne']",97.67441860465115,97.67441860465115,86.32478632478632,97.37626714370901
113,"['@USER', 'Ahora', 'nde', 'inutiletema', 'ara', 'para', 'hacer', 'de', 'chacha', '.', 'Anda', 'estudia', 'mbae', 'para', 'no', 'andar', 'de', 'chacha', 'sin', 'sueldo']","['other', 'es', 'gn', 'gn', 'gn', 'es', 'es', 'es', 'es', 'other', 'es', 'es', 'gn', 'es', 'es', 'es', 'es', 'es', 'es', 'es']","['ne', 'es', 'gn', 'mix', 'gn', 'es', 'es', 'es', 'mix', 'other', 'es', 'es', 'gn', 'es', 'es', 'es', 'es', 'mix', 'es', 'es']",80.0,80.0,48.93772893772893,71.57509157509156
114,"['Umi', 'firma', 'otercerisáva', 'IPS', ""ha'eháicha"", 'Cevima', 'SA', ',', 'omopotîva', 'umi', 'dependencia', ',', 'ndopagái', '18', ""mba'apohára"", 'Ciudad', 'del', 'Este-guápe', '.']","['gn', 'es', 'gn', 'ne', 'gn', 'ne', 'ne', 'other', 'gn', 'gn', 'es', 'other', 'gn', 'other', 'gn', 'ne', 'ne', 'mix', 'other']","['gn', 'es', 'gn', 'ne', 'gn', 'ne', 'ne', 'other', 'gn', 'gn', 'es', 'other', 'gn', 'other', 'gn', 'ne', 'ne', 'ne', 'other']",94.73684210526315,94.73684210526315,78.18181818181819,97.1291866028708
115,"['Péicha', 'ary', '2016', 'joajúvo', 'oheja', 'cobertura', 'médica-pe', 'umi', 'familia', 'oikóva', 'situación', 'vulnerables', ',', 'Ayolas', 'jerére', ',', 'ha', ""he'íva"", 'ivaiha', 'calidad', 'servicio', 'IPS', 'oñembyaíva', 'Centro', 'de', 'Salud', 'oguahëvo', '.']","['gn', 'gn', 'other', 'gn', 'gn', 'es', 'mix', 'gn', 'es', 'gn', 'es', 'es', 'other', 'ne', 'gn', 'other', 'gn', 'gn', 'gn', 'es', 'es', 'ne', 'gn', 'es', 'es', 'es', 'gn', 'other']","['gn', 'gn', 'other', 'gn', 'gn', 'es', 'mix', 'gn', 'es', 'gn', 'es', 'es', 'other', 'ne', 'gn', 'other', 'gn', 'gn', 'gn', 'es', 'es', 'ne', 'gn', 'ne', 'ne', 'ne', 'gn', 'other']",89.28571428571429,89.28571428571429,87.42857142857142,88.06122448979592
116,"['Centro', 'Creativo', 'y', 'Cultural', 'para', 'el', 'Desarrollo', 'Primera', 'Infancia', '""', 'Torore', '""', 'oñemoherakuãta', ""ko'êrõ"", '8:00', 'aravo', 'jave', 'Gobernación', 'Departamento', 'Central', ',', 'omomoñepyrûva', 'oisãmbyhy', 'mitãnguéra', 'mimi', '1', 'a', '3', 'año']","['es', 'es', 'es', 'es', 'es', 'es', 'es', 'es', 'es', 'other', 'ne', 'other', 'gn', 'gn', 'other', 'gn', 'gn', 'ne', 'ne', 'ne', 'other', 'gn', 'gn', 'gn', 'gn', 'other', 'other', 'other', 'es']","['ne', 'ne', 'ne', 'ne', 'ne', 'ne', 'ne', 'ne', 'ne', 'ne', 'ne', 'ne', 'gn', 'gn', 'other', 'gn', 'gn', 'ne', 'ne', 'ne', 'other', 'gn', 'gn', 'gn', 'gn', 'other', 'es', 'other', 'es']",58.620689655172406,58.620689655172406,57.874800637958536,60.545564538305015
117,"['Ojehecha', 'momento', 'delicado', 'ocupación', 'yvate', 'umi', 'tupa', 'terapia', 'intensiva', 'disponible', 'tetãme', 'péva', 'sumamente', 'importante', 'opavave', 'roñopytyvõ', 'romboguejy', 'ramo', 'ritmo', 'de', 'contagio', '.']","['gn', 'es', 'es', 'es', 'gn', 'gn', 'gn', 'es', 'es', 'es', 'gn', 'gn', 'es', 'es', 'gn', 'gn', 'gn', 'es', 'es', 'es', 'es', 'other']","['gn', 'es', 'es', 'es', 'gn', 'gn', 'gn', 'es', 'es', 'es', 'gn', 'gn', 'es', 'es', 'gn', 'gn', 'gn', 'gn', 'es', 'es', 'es', 'other']",95.45454545454545,95.45454545454545,96.79633867276888,95.43374245891407
118,"['“', 'Omoañete', 'misiónoutáva', 'Paraguáipe', 'ha', 'ohechauka', ""ñe'ê"", 'añete', 'ojeipysóva', 'UE', 'guive', 'elecciones', 'oguerovia', 'hesakã', 'ha', 'ijeroviapýva', 'tetãme', '”', ',', 'omoañete', 'alta', 'representante', 'Política', 'Exterior', 'Europea', ',', 'Federica', 'Mogherini', '.']","['other', 'gn', 'gn', 'gn', 'gn', 'gn', 'gn', 'gn', 'gn', 'ne', 'gn', 'es', 'gn', 'gn', 'gn', 'gn', 'gn', 'other', 'other', 'gn', 'es', 'es', 'es', 'es', 'es', 'other', 'ne', 'ne', 'other']","['other', 'gn', 'mix', 'ne', 'gn', 'gn', 'gn', 'gn', 'gn', 'ne', 'gn', 'es', 'gn', 'gn', 'gn', 'gn', 'gn', 'gn', 'gn', 'gn', 'es', 'es', 'es', 'es', 'es', 'other', 'ne', 'ne', 'other']",86.20689655172413,86.20689655172413,69.47619047619048,85.09852216748767
119,"['Senador', 'Luis', 'Castiglioni', ',', 'afiliado', 'movimiento', 'disidente', ',', ""he'íva"", 'oplanea', 'reunión', 'bancada', 'ohechávo', '“', 'exclusivamente', '”', 'tema', 'Cartes', 'renuncia', '.']","['ne', 'ne', 'ne', 'other', 'es', 'es', 'es', 'other', 'gn', 'gn', 'es', 'es', 'gn', 'other', 'es', 'other', 'es', 'ne', 'es', 'other']","['es', 'ne', 'ne', 'other', 'es', 'es', 'es', 'other', 'gn', 'mix', 'es', 'es', 'gn', 'other', 'es', 'other', 'es', 'ne', 'es', 'other']",90.0,90.0,71.96638655462185,88.21008403361344
120,"['Tuicha', ""mba'e"", 'chupekuéra', 'oñomongetávo', 'presidente', 'de', 'la', 'República', 'dive', 'ha', 'ikatúva', 'oime', 'lucha', 'ha', 'ikatúva', 'osê', 'porã', 'umi', 'ára', 'oúvape', '”', ',', 'omoañete', 'ministro', 'de', 'Defensa', '.']","['gn', 'gn', 'gn', 'gn', 'es', 'es', 'es', 'es', 'gn', 'gn', 'gn', 'gn', 'es', 'gn', 'gn', 'gn', 'gn', 'gn', 'gn', 'gn', 'other', 'other', 'gn', 'es', 'es', 'es', 'other']","['gn', 'gn', 'gn', 'gn', 'es', 'es', 'es', 'es', 'gn', 'gn', 'gn', 'gn', 'es', 'gn', 'gn', 'gn', 'gn', 'gn', 'gn', 'gn', 'other', 'other', 'gn', 'es', 'es', 'es', 'other']",100.0,100.0,100.0,100.0
121,"['Oimehápe', 'funcionario', 'estatal', 'ha', 'privado', ',', 'orekóva', 'uumi', 'omoheñóiva', 'negocio', 'jurídico', 'ha', 'beneficio', 'patrimonial', '”', ',', 'he’i', 'upe', 'Fiscalía', 'imputación', '.']","['gn', 'es', 'es', 'gn', 'es', 'other', 'gn', 'gn', 'gn', 'es', 'es', 'gn', 'es', 'es', 'other', 'other', 'gn', 'gn', 'ne', 'es', 'other']","['gn', 'es', 'es', 'gn', 'es', 'other', 'gn', 'gn', 'gn', 'es', 'es', 'gn', 'es', 'es', 'other', 'other', 'gn', 'gn', 'ne', 'es', 'other']",100.0,100.0,100.0,100.0
122,"[""Mba'e"", ""ñe'ẽ"", 'guaraníme', 'pehayhuve', '?', '¿', 'Cuál', 'es', 'su', 'palabra', 'favorita', 'en', 'guaraní', '?']","['gn', 'gn', 'gn', 'gn', 'other', 'other', 'es', 'es', 'es', 'es', 'es', 'es', 'gn', 'other']","['gn', 'gn', 'gn', 'gn', 'other', 'other', 'es', 'es', 'es', 'es', 'es', 'es', 'es', 'other']",92.85714285714286,92.85714285714286,93.73219373219372,92.97924297924298
123,"['Pedime', 'nomas', ',', 'ajapota', 'avei', 'ndeve', '.', 'URL']","['es', 'gn', 'other', 'gn', 'gn', 'gn', 'other', 'foreign']","['es', 'es', 'other', 'gn', 'gn', 'gn', 'other', 'other']",75.0,75.0,58.09523809523809,78.80952380952381
124,"['Anike', 'oñembo', 'puntos', ""mba'e"", 'Bolivia', 'ñande', 'rehe', '😴']","['gn', 'gn', 'es', 'gn', 'ne', 'gn', 'gn', 'other']","['gn', 'gn', 'es', 'gn', 'ne', 'gn', 'gn', 'other']",100.0,100.0,100.0,100.0
125,"['Murga', ""ha'ete"", 'voi', '“', 'añao', '”', 'osê', 'odefende', 'haguã', ""ita'ýra"", ',', 'senador', 'cartista', ',', 'oñeinvestigáva', ""ko'ágã"", 'evasión', 'de', 'impuesto', 'rehe']","['ne', 'gn', 'gn', 'other', 'gn', 'other', 'gn', 'gn', 'gn', 'gn', 'other', 'es', 'ne', 'other', 'gn', 'gn', 'es', 'es', 'es', 'gn']","['es', 'gn', 'gn', 'other', 'gn', 'other', 'gn', 'mix', 'gn', 'gn', 'other', 'es', 'es', 'other', 'mix', 'gn', 'es', 'es', 'es', 'gn']",80.0,80.0,53.77777777777778,79.55555555555556
126,"['Che', 'aipota', 'avei', ':(']","['gn', 'gn', 'gn', 'other']","['gn', 'gn', 'gn', 'other']",100.0,100.0,100.0,100.0
127,"['Ipôraiterei', 'Arevalos', '..!', 'Pojopy', 'ndeve', 'güârâ', '..!']","['gn', 'ne', 'other', 'gn', 'gn', 'gn', 'other']","['gn', 'ne', 'other', 'gn', 'gn', 'gn', 'other']",100.0,100.0,100.0,100.0
128,"['Tojahu', 'hikuái', 'nde', 'ratypykuápe', 'upe', ""ka'aru"", '….', 'Tengo', 'el', 'placer', 'de', 'entender', 'el', 'guarani']","['gn', 'gn', 'gn', 'gn', 'gn', 'gn', 'other', 'es', 'es', 'es', 'es', 'es', 'es', 'gn']","['gn', 'gn', 'gn', 'gn', 'gn', 'gn', 'other', 'es', 'es', 'es', 'es', 'es', 'es', 'es']",92.85714285714286,92.85714285714286,94.87179487179488,92.85714285714286
129,"['Ndaikuaai', ""mba'erepa"", 'otî', 'lo', 'mitá', ""oñe'ehagûa"", 'guaranime', '.', 'Ñande', 'nio', 'paraguaigua', '.']","['gn', 'gn', 'gn', 'gn', 'gn', 'gn', 'gn', 'other', 'gn', 'gn', 'gn', 'other']","['gn', 'gn', 'gn', 'es', 'mix', 'gn', 'gn', 'other', 'gn', 'gn', 'gn', 'other']",83.33333333333334,83.33333333333334,47.22222222222222,75.92592592592592
130,"['Péicha', 'cuestionamiento', 'Senad', 'orekóva', 'microtraficante', ',', 'oîva', 'jeguata', 'upe', 'jerére', 'tetã', 'pukukue', '.']","['gn', 'es', 'ne', 'gn', 'es', 'other', 'gn', 'gn', 'gn', 'gn', 'gn', 'gn', 'other']","['gn', 'es', 'mix', 'gn', 'es', 'other', 'gn', 'gn', 'gn', 'gn', 'gn', 'gn', 'other']",92.3076923076923,92.3076923076923,60.0,92.3076923076923
131,"['Mborayhu', 'niko', 'tembipuru', 'imbaretevéva']","['gn', 'gn', 'gn', 'gn']","['gn', 'gn', 'gn', 'gn']",100.0,100.0,100.0,100.0
132,"['Ojeguerohory', 'kuña', 'okaraygua', 'ára', 'URL']","['gn', 'gn', 'gn', 'gn', 'foreign']","['gn', 'gn', 'gn', 'gn', 'other']",80.0,80.0,33.33333333333333,80.0
133,"['Viva', 'mi', 'general', ""he'i"", '🤣', 'ni', 'ndoikuai', 'jepe', 'chupe', '😳🤣']","['es', 'es', 'es', 'gn', 'other', 'es', 'gn', 'gn', 'gn', 'other']","['es', 'es', 'es', 'gn', 'other', 'es', 'gn', 'gn', 'gn', 'other']",100.0,100.0,100.0,100.0
134,"[""Mba'eichapa"", ""oje'e"", 'guaraníme', '""', 'carpeta', 'creativa', '""', '??', '🤔🤔', '#tavaranduara', 'URL']","['gn', 'gn', 'gn', 'other', 'es', 'es', 'other', 'other', 'other', 'other', 'other']","['gn', 'gn', 'gn', 'other', 'es', 'es', 'other', 'other', 'other', 'gn', 'other']",90.9090909090909,90.9090909090909,92.20779220779221,90.67296340023613
135,"['“', 'Ojerurévo', 'omohenda', 'haguã', 'umi', 'comerciante', 'Mercado', '4', 'kóva', 'upe', 'pasillo', 'ohechaukáva', 'noïrîha', 'organizado', '.']","['other', 'gn', 'gn', 'gn', 'gn', 'es', 'ne', 'ne', 'gn', 'gn', 'es', 'gn', 'gn', 'es', 'other']","['other', 'gn', 'gn', 'gn', 'gn', 'es', 'ne', 'ne', 'gn', 'gn', 'es', 'gn', 'gn', 'es', 'other']",100.0,100.0,100.0,100.0
136,"['Ko’ã', 'mejora', 'ohupyty', 'US$', '3.5', 'millones', 'ha', 'upe', 'aty', 'propagandarante', 'ovale', '.']","['gn', 'es', 'gn', 'foreign', 'other', 'es', 'gn', 'gn', 'gn', 'mix', 'gn', 'other']","['gn', 'es', 'gn', 'other', 'other', 'es', 'gn', 'gn', 'gn', 'mix', 'gn', 'other']",91.66666666666666,91.66666666666666,76.0,95.0
137,"['Ko’ã', 'propuesta', 'oreko', 'consensuada', 'peteî', 'grupo', 'senadores', 'bancada', 'hetavéva', '.']","['gn', 'es', 'gn', 'es', 'gn', 'es', 'ne', 'ne', 'gn', 'other']","['gn', 'es', 'gn', 'es', 'gn', 'es', 'es', 'es', 'gn', 'other']",80.0,80.0,68.75,87.5
138,"['Obispo', 'ohenói', 'omombarete', 'haguã', 'fe', 'ha', 'odefende', 'haguã', 'tekove']","['ne', 'gn', 'gn', 'gn', 'foreign', 'gn', 'foreign', 'gn', 'gn']","['es', 'gn', 'gn', 'gn', 'mix', 'gn', 'mix', 'gn', 'gn']",66.66666666666666,66.66666666666666,20.0,66.66666666666666
139,"['PÑS-PE', 'OÑEMBOJOPÓI', 'ÑE’ẼRYRU', 'GUARANÍME', 'TEKOJOJARÃ', 'REHEGUA', 'URL']","['foreign', 'gn', 'gn', 'unk', 'gn', 'gn', 'foreign']","['ne', 'gn', 'gn', 'mix', 'gn', 'gn', 'other']",57.14285714285714,57.14285714285714,16.666666666666664,57.14285714285714
140,"['@USER', 'nde', 'pico', 'nderequi', 'mbae', 'pe', 'escrbina', 'guaranime', 'mbae', 'ani', 'la', 'inglepe', 'guau', 'pe', 'nee', 'cuaaiterei', 'la', 'inglepe']","['other', 'gn', 'gn', 'gn', 'gn', 'gn', 'foreign', 'gn', 'gn', 'gn', 'es', 'mix', 'gn', 'gn', 'gn', 'gn', 'es', 'mix']","['ne', 'gn', 'gn', 'gn', 'gn', 'gn', 'mix', 'gn', 'gn', 'gn', 'gn', 'mix', 'gn', 'gn', 'gn', 'gn', 'gn', 'mix']",77.77777777777779,77.77777777777779,28.717948717948723,85.12820512820514
141,"['Minibuses', 'pasajero', 'oguapýva', '.']","['ne', 'es', 'gn', 'other']","['es', 'es', 'gn', 'other']",75.0,75.0,66.66666666666666,83.33333333333333
142,"['Jepopete', 'Têtâ', 'sambyhyharape', '..!', 'Peina', 'ñanemoramduma', ':', 'YAPYTAPAITETA', 'ÑANDE', 'ROGAPE', ',', '12', 'ABRIL', 'PEVE', '..!', 'Maymaiteva', ',', 'ikatuhaicha', ',', 'ñaipytyvô', 'umi', 'ñande', 'rapicha', 'oikoteveape', '.', 'Ikatu', 'guive', 'tojapo', ""tembi'u"", 'hetapôrâ', ',', 'ha', ""tome'e"", 'mita', ',', 'kuñakarai', 'ha', 'karai', 'mboriahupe', '..', ""Ta'upeicha"", '..!']","['gn', 'gn', 'gn', 'other', 'es', 'gn', 'other', 'ne', 'ne', 'ne', 'other', 'other', 'ne', 'ne', 'other', 'gn', 'other', 'gn', 'other', 'gn', 'gn', 'gn', 'gn', 'gn', 'other', 'gn', 'gn', 'gn', 'gn', 'gn', 'other', 'gn', 'gn', 'gn', 'other', 'gn', 'gn', 'gn', 'gn', 'other', 'gn', 'other']","['gn', 'gn', 'gn', 'other', 'gn', 'gn', 'other', 'gn', 'gn', 'gn', 'other', 'other', 'es', 'gn', 'other', 'gn', 'other', 'gn', 'other', 'gn', 'gn', 'gn', 'gn', 'gn', 'other', 'gn', 'gn', 'gn', 'gn', 'gn', 'other', 'gn', 'gn', 'gn', 'other', 'gn', 'gn', 'gn', 'gn', 'other', 'gn', 'other']",85.71428571428571,85.71428571428571,47.64150943396226,91.10512129380055
143,"['Oikove', 'jey', 'Evelyn']","['gn', 'gn', 'ne']","['gn', 'gn', 'ne']",100.0,100.0,100.0,100.0
144,"['Por', 'cuota', ""mba'e"", 'piko', 'ejapo', 'la', 'nde', 'lista']","['es', 'es', 'gn', 'gn', 'gn', 'es', 'gn', 'es']","['es', 'es', 'gn', 'gn', 'gn', 'es', 'gn', 'es']",100.0,100.0,100.0,100.0
145,"['@USER', 'Terere', 'hei', 'JAJAJAJAJAJA', 'esos', '4', 'sándwich', 'que', 'comprábamos', '😭']","['other', 'gn', 'gn', 'foreign', 'es', 'other', 'es', 'es', 'es', 'other']","['ne', 'gn', 'gn', 'es', 'es', 'other', 'es', 'es', 'es', 'other']",80.0,80.0,53.77777777777778,80.44444444444444
146,"['Hetama', ""aka'u"", 'nde', 'rerape', '🍻']","['gn', 'gn', 'gn', 'gn', 'other']","['gn', 'gn', 'gn', 'gn', 'other']",100.0,100.0,100.0,100.0
147,"['Upéicha', 'ára', '7', 'jasypoteî', 'ary', '1917-pe', ',', 'táva', 'Chicago', ',', 'Estados', 'Unidos-pe', ';', 'oñemboajékuri', 'Leô', 'Atyha', 'ha', 'jasypa', 'upe', 'aryguápe', 'táva', 'Dallas', ',', 'Texas-pe', 'oñemboajékuri', 'upe', 'atyha', 'rekoguataha', 'ha', 'rekombojojaha', 'ha', 'upéicha', 'avei', 'ijehupytyrâ', 'ha', 'tekopotî', 'mbohapeha', '.']","['gn', 'gn', 'other', 'gn', 'gn', 'ne', 'other', 'gn', 'ne', 'other', 'ne', 'ne', 'other', 'gn', 'ne', 'ne', 'gn', 'gn', 'gn', 'gn', 'gn', 'ne', 'other', 'ne', 'gn', 'gn', 'gn', 'gn', 'gn', 'gn', 'gn', 'gn', 'gn', 'gn', 'gn', 'gn', 'gn', 'other']","['gn', 'gn', 'other', 'gn', 'gn', 'other', 'other', 'gn', 'ne', 'other', 'ne', 'ne', 'other', 'gn', 'ne', 'ne', 'gn', 'gn', 'gn', 'gn', 'gn', 'ne', 'other', 'ne', 'gn', 'gn', 'gn', 'gn', 'gn', 'gn', 'gn', 'gn', 'gn', 'gn', 'gn', 'gn', 'gn', 'other']",97.36842105263158,97.36842105263158,95.21367521367522,97.3549257759784
148,"['@USER', 'jajajajajajja', 'M', 'O', 'O', 'P', 'I', 'O', 'españolita', 'jajajaja', 'eikuaasepa', ""mba'eicha"", 'ojescribi', 'guaranime', '?', 'EUKUAASEPA', '?']","['other', 'other', 'other', 'other', 'other', 'other', 'other', 'other', 'es', 'other', 'gn', 'gn', 'gn', 'gn', 'other', 'gn', 'other']","['ne', 'es', 'gn', 'gn', 'gn', 'gn', 'gn', 'gn', 'es', 'es', 'gn', 'gn', 'mix', 'gn', 'other', 'gn', 'other']",41.17647058823529,41.17647058823529,26.82051282051282,43.81598793363499
149,"['¿', 'Ña', 'tî', 'jahai', 'haguâ', 'guaranime', '?', 'Terâ', 'guarani', 'ñe´e', 'ndaha´ei', '""', 'tecnológico', '""', '?']","['other', 'gn', 'gn', 'gn', 'gn', 'gn', 'other', 'gn', 'gn', 'gn', 'gn', 'other', 'es', 'other', 'other']","['other', 'gn', 'gn', 'gn', 'gn', 'gn', 'other', 'gn', 'gn', 'gn', 'gn', 'other', 'es', 'other', 'other']",100.0,100.0,100.0,100.0
150,"['@USER', ""Eme'ê"", 'nde', 'retépe', ""vy'a"", 'Makarena', '...', '(8)']","['other', 'gn', 'gn', 'gn', 'gn', 'ne', 'other', 'other']","['ne', 'gn', 'gn', 'gn', 'gn', 'ne', 'other', 'other']",87.5,87.5,82.22222222222223,86.66666666666667
151,"['Péva', 'ogueraha', 'mitãpyahu', '15', 'a', '29', 'ary', ',', 'ha', 'móto', 'ári', 'que', 'son', 'los', 'principales', 'protagonistas', 'de']","['gn', 'gn', 'gn', 'other', 'es', 'other', 'gn', 'other', 'gn', 'gn', 'gn', 'es', 'es', 'es', 'es', 'es', 'es']","['gn', 'gn', 'gn', 'other', 'es', 'other', 'gn', 'other', 'gn', 'gn', 'gn', 'es', 'es', 'es', 'es', 'es', 'es']",100.0,100.0,100.0,100.0
152,"['@USER', 'Aguante', 'Ara', 'katu']","['other', 'es', 'ne', 'gn']","['ne', 'es', 'ne', 'gn']",75.0,75.0,66.66666666666666,83.33333333333333
153,"['Fiscal', 'general', 'del', 'Estado', 'Javier', 'Díaz', 'Verón', ',', 'omoherakuã', '“', 'ojeruré', 'permiso', '”', 'oñemboyke', 'ha', 'titularidad', 'Ministerio', 'Público', '“', 'bienestar', 'de', 'su', 'familia', '”', ',', 'ohekávo', 'investigación', 'en', 'su', 'contra', '.']","['ne', 'ne', 'ne', 'ne', 'ne', 'ne', 'ne', 'other', 'gn', 'other', 'gn', 'es', 'other', 'gn', 'gn', 'es', 'ne', 'ne', 'other', 'es', 'ne', 'ne', 'es', 'other', 'other', 'gn', 'es', 'ne', 'ne', 'es', 'other']","['es', 'es', 'es', 'ne', 'ne', 'ne', 'ne', 'other', 'gn', 'other', 'gn', 'es', 'other', 'gn', 'gn', 'es', 'ne', 'ne', 'other', 'es', 'es', 'es', 'es', 'other', 'other', 'gn', 'es', 'es', 'es', 'es', 'other']",77.41935483870968,77.41935483870968,81.57894736842105,77.41935483870968
154,"[""Ko'ápe"", ',', 'ha', ""pya'ete"", 'discurso', ',', 'Horacio', 'Cartes', 'omoañete', ""ndaha'éiha"", 'tiempo', 'de', 'revanchismo', 'ha', 'péicha', ""omba'apova'erã"", 'lista', '1', 'rehe', '.']","['gn', 'other', 'gn', 'gn', 'es', 'other', 'ne', 'ne', 'gn', 'gn', 'es', 'es', 'es', 'gn', 'gn', 'gn', 'es', 'other', 'gn', 'other']","['gn', 'other', 'gn', 'gn', 'es', 'other', 'ne', 'ne', 'gn', 'gn', 'es', 'es', 'es', 'gn', 'gn', 'gn', 'es', 'other', 'gn', 'other']",100.0,100.0,100.0,100.0
155,"['Oñepyrûva', 'jornada', 'omotenondéva', 'celebración', 'religiosa', 'oisãmbyhýva', 'monseñor', 'Mario', 'Melanio', 'Medina', ',', 'upéi', ',', 'pobladores', 'omoirûva', 'procesión', 'orekóva', 'santa', 'imagen', '.']","['gn', 'es', 'gn', 'es', 'es', 'gn', 'es', 'ne', 'ne', 'ne', 'other', 'gn', 'other', 'es', 'gn', 'es', 'gn', 'es', 'es', 'other']","['gn', 'es', 'gn', 'es', 'es', 'gn', 'es', 'ne', 'ne', 'ne', 'other', 'gn', 'other', 'es', 'gn', 'es', 'gn', 'es', 'es', 'other']",100.0,100.0,100.0,100.0
156,"['@USER', 'Te', 'falto', 'el', 'clásico', 'de', 'la', 'lupa', ',', 'llorón', '!!!', 'Anda', 'lava', 'tu', 'tanga', 'mbae', 'nde', 'drogadicto', '!!!']","['other', 'es', 'es', 'es', 'es', 'es', 'es', 'es', 'other', 'es', 'other', 'es', 'es', 'es', 'es', 'gn', 'gn', 'es', 'other']","['ne', 'es', 'es', 'es', 'es', 'es', 'es', 'es', 'other', 'other', 'other', 'es', 'es', 'es', 'es', 'gn', 'gn', 'es', 'other']",89.47368421052632,89.47368421052632,67.75,86.94736842105263
157,"[""Ñamokõva'erã"", '“', 'kururu', '”', 'pero', ""ndaha'éi"", 'péicha', '.']","['gn', 'other', 'gn', 'other', 'es', 'gn', 'gn', 'other']","['gn', 'other', 'gn', 'other', 'es', 'gn', 'gn', 'other']",100.0,100.0,100.0,100.0
158,"['PÑS', ""mba'apohára"", 'pyahu', 'jeporavorã', '-', 'Llamado', 'a', 'Concurso', 'de', 'la', 'SPL', '.']","['foreign', 'gn', 'gn', 'gn', 'other', 'es', 'es', 'es', 'es', 'es', 'ne', 'other']","['ne', 'gn', 'gn', 'gn', 'other', 'es', 'es', 'es', 'es', 'es', 'ne', 'other']",91.66666666666666,91.66666666666666,73.33333333333333,94.44444444444446
159,"['Nde', 'bolsillo', 'rasy', 'mba’e', 'pío', 'profe', '.', 'Eguenohena', 'la', 'tarjeta', 'che', 'papá', '🙄🙄']","['gn', 'es', 'gn', 'unk', 'gn', 'es', 'other', 'gn', 'es', 'es', 'gn', 'es', 'other']","['gn', 'es', 'gn', 'gn', 'gn', 'es', 'other', 'gn', 'es', 'es', 'gn', 'es', 'other']",92.3076923076923,92.3076923076923,72.72727272727273,95.80419580419579
160,"['Mario', 'Abdo', 'oguahê', 'mbohupárõ', 'Tañarandýpe']","['ne', 'ne', 'gn', 'gn', 'gn']","['ne', 'ne', 'gn', 'gn', 'ne']",80.0,80.0,80.0,80.0
161,"['“', 'Karai', ',', 'eho', 'nde', 'rógape', '”', ',', 'dirá', 'la', 'policía', 'a', 'los', 'que', 'vayan', 'a', 'Caacupé', 'URL']","['other', 'gn', 'other', 'gn', 'gn', 'gn', 'other', 'other', 'es', 'es', 'es', 'es', 'es', 'es', 'es', 'es', 'ne', 'other']","['other', 'gn', 'other', 'gn', 'gn', 'gn', 'other', 'gn', 'es', 'es', 'es', 'es', 'es', 'es', 'es', 'es', 'ne', 'other']",94.44444444444444,94.44444444444444,94.44444444444444,94.44444444444444
162,"['Estudiantes', 'de', 'Fenaes', 'ombosako’i', 'movilización', 'oñeikotevêgui', 'mbo’ehára']","['ne', 'ne', 'ne', 'gn', 'es', 'gn', 'gn']","['es', 'es', 'es', 'gn', 'es', 'gn', 'gn']",57.14285714285714,57.14285714285714,46.666666666666664,65.71428571428571
163,"['Péicha', ',', 'Fleitas', 'ojepytaso', 'presupuesto', 'ojeguerekóva', 'umi', 'becakuéra', 'oïva', 'rehe', 'umi', ""temimbo'e"", 'imboriahuvéva', 'rehe', 'ha', 'ojoajúo', 'umi', 'centros', 'de', 'estudiantes', 'ha', 'umi', 'firma', 'privada', 'oike', 'haguã', ""omba'apo"", '.']","['gn', 'other', 'ne', 'gn', 'es', 'gn', 'gn', 'gn', 'gn', 'gn', 'gn', 'gn', 'gn', 'gn', 'gn', 'gn', 'gn', 'es', 'es', 'es', 'gn', 'gn', 'es', 'es', 'gn', 'gn', 'gn', 'other']","['gn', 'other', 'ne', 'gn', 'es', 'gn', 'gn', 'mix', 'gn', 'gn', 'gn', 'gn', 'gn', 'gn', 'gn', 'gn', 'gn', 'es', 'es', 'es', 'gn', 'gn', 'es', 'es', 'gn', 'gn', 'gn', 'other']",96.42857142857143,96.42857142857143,79.45945945945945,94.6911196911197
164,"['Oñemoherakuãva', 'grupo', 'piribebuiense', '“', 'Tercera', 'Capital', '”', 'omotenonde', 'emotivo', 'homenaje', 'opavave', 'túva', ""hi'arape"", '.']","['gn', 'es', 'ne', 'other', 'ne', 'ne', 'other', 'gn', 'es', 'es', 'gn', 'gn', 'gn', 'other']","['gn', 'es', 'es', 'other', 'ne', 'ne', 'other', 'gn', 'es', 'es', 'gn', 'gn', 'gn', 'other']",92.85714285714286,92.85714285714286,91.42857142857143,93.06122448979592
165,"['Cuando', 'todo', 'está', 'peor', '...', 'más', 'debemos', 'insistir', '!', 'Opaite', ""mba'e"", 'oho', 'vaive', 'jave', '...', ""ñañeha'âvéva'erâ"", '!']","['es', 'es', 'es', 'es', 'other', 'es', 'es', 'es', 'other', 'gn', 'gn', 'gn', 'gn', 'gn', 'other', 'gn', 'other']","['es', 'es', 'es', 'es', 'other', 'es', 'es', 'es', 'other', 'gn', 'gn', 'gn', 'gn', 'gn', 'other', 'gn', 'other']",100.0,100.0,100.0,100.0
166,"['Juez', 'Amarilla', 'oiko', 'imputación', 'Ferreiro', 'Paz', 'ha', 'Ferreiro', 'Ayala', 'fiscal', 'omombe’úva', '“', 'sucintamente', 'el', 'o', 'los', 'hechos', '”', 'penales', 'oñeme’êva', ',', 'péva', 'ohai', 'ko’ã', 'grupo', 'Telegram', 'ojapóva', 'red', 'de', 'recaudación', 'paralela', ',', 'ome’ê', 'ÿre', 'detalle', 'modus', 'operandi', '.']","['ne', 'ne', 'gn', 'es', 'ne', 'ne', 'gn', 'ne', 'ne', 'es', 'gn', 'other', 'es', 'es', 'es', 'es', 'es', 'other', 'es', 'gn', 'other', 'gn', 'gn', 'gn', 'es', 'ne', 'gn', 'es', 'es', 'es', 'es', 'other', 'gn', 'gn', 'es', 'foreign', 'foreign', 'other']","['es', 'ne', 'gn', 'es', 'ne', 'ne', 'gn', 'ne', 'ne', 'es', 'gn', 'other', 'es', 'es', 'es', 'es', 'es', 'other', 'es', 'gn', 'other', 'gn', 'gn', 'gn', 'es', 'ne', 'gn', 'es', 'es', 'es', 'es', 'other', 'gn', 'gn', 'es', 'foreign', 'foreign', 'other']",97.36842105263158,97.36842105263158,97.77188328912467,97.42426357671367
167,"['@USER', 'Nde', 'porã', 'katu']","['other', 'gn', 'gn', 'gn']","['ne', 'gn', 'gn', 'gn']",75.0,75.0,33.33333333333333,75.0
168,"['@USER', 'corre', 'lejos', 'katu', 'de', 'ese', 'hospital', ',', 'ani', 'te', 'contagias', 'loca']","['other', 'es', 'es', 'gn', 'es', 'es', 'es', 'other', 'gn', 'es', 'es', 'es']","['ne', 'es', 'es', 'gn', 'es', 'es', 'es', 'other', 'gn', 'es', 'es', 'es']",91.66666666666666,91.66666666666666,66.66666666666666,88.88888888888889
169,"['Umi', 'genuino', 'alberdeño', ',', 'opa', 'ohóvo', 'mbeguekatúpe']","['gn', 'es', 'ne', 'other', 'gn', 'gn', 'gn']","['gn', 'es', 'es', 'other', 'gn', 'gn', 'gn']",85.71428571428571,85.71428571428571,66.66666666666666,90.47619047619048
170,"['Aikese', 'che', 'r', '..', 'kuápe']","['gn', 'gn', 'other', 'other', 'gn']","['gn', 'gn', 'gn', 'other', 'gn']",80.0,80.0,76.19047619047619,81.9047619047619
171,"['@USER', 'Ovya', ""ha'e"", 'por', 'demostrar', 'ignorancia', ',', 'la', 'tavy', 'ndandejukai', 'pero', 'nde', 'reko', 'asy', '.']","['other', 'gn', 'gn', 'es', 'es', 'es', 'other', 'es', 'gn', 'gn', 'es', 'gn', 'gn', 'gn', 'other']","['ne', 'gn', 'gn', 'es', 'es', 'es', 'other', 'es', 'gn', 'gn', 'es', 'gn', 'gn', 'gn', 'other']",93.33333333333333,93.33333333333333,70.0,90.66666666666666
172,"['Ojerúre', 'pytyvõ', 'pueblo', 'indígena', 'oimehápe', 'ko', 'territorio', '.']","['gn', 'gn', 'es', 'es', 'gn', 'gn', 'es', 'other']","['gn', 'gn', 'es', 'es', 'gn', 'gn', 'es', 'other']",100.0,100.0,100.0,100.0
173,"['#ParaguáiMarandu', '@USER', 'ohechakuaa', 'ñe’ê', 'guaraní', 'ymaguare', '.', '@USER']","['ne', 'other', 'gn', 'gn', 'gn', 'gn', 'other', 'other']","['gn', 'ne', 'gn', 'gn', 'gn', 'gn', 'other', 'ne']",62.5,62.5,46.2962962962963,61.80555555555556
174,"['Gobierno', 'Juan', 'Carlos', 'Wasmosy', 'oñepresenta', 'peteî', 'maqueta', 'ha', 'oñemohenda', 'ita', 'fundacional', 'zona', 'Botánico', '.']","['ne', 'ne', 'ne', 'ne', 'gn', 'gn', 'es', 'gn', 'gn', 'gn', 'es', 'es', 'ne', 'other']","['es', 'ne', 'ne', 'ne', 'mix', 'gn', 'es', 'gn', 'gn', 'gn', 'es', 'es', 'ne', 'other']",85.71428571428571,85.71428571428571,72.6984126984127,82.42630385487529
175,"['Asociación', 'de', 'Vendedores', 'Ambulantes', 'del', 'Paraguay', 'omoherakuã', 'convocatoria', 'general', 'oipysóva', '8:30', 'viaducto', 'Calle', 'Última', 'guýre', '.']","['ne', 'ne', 'ne', 'ne', 'ne', 'ne', 'gn', 'es', 'es', 'gn', 'other', 'es', 'ne', 'ne', 'gn', 'other']","['ne', 'ne', 'ne', 'ne', 'ne', 'ne', 'gn', 'es', 'es', 'gn', 'other', 'ne', 'ne', 'ne', 'gn', 'other']",93.75,93.75,93.52941176470588,94.19117647058823
176,"['Mburuvicha', 'guasu', 'ha’ete', 'oho', 'oñomongeta', 'hendivekuéra', '“', 'mba’apohára', '”', ',', 'ogueraháva', 'pytyvõ', 'incondicional', 'ichupe', 'ha', 'ohasávo', '“', 'osepilla', '”', 'ministra', 'de', 'Trabajo', ',', 'Carla', 'Bacigalupo-pe', ',', 'ohenóiva’ekue', 'chupekuéra', '“', 'protesta', 'jave', '”', 'ombotovévo', 'juicio', 'político', ',', 'ojeipysóva', 'upe', 'tendáre', '.']","['ne', 'gn', 'gn', 'gn', 'gn', 'gn', 'other', 'gn', 'other', 'other', 'gn', 'gn', 'es', 'gn', 'gn', 'gn', 'other', 'gn', 'other', 'es', 'es', 'es', 'other', 'ne', 'ne', 'other', 'gn', 'gn', 'other', 'es', 'gn', 'other', 'gn', 'es', 'es', 'other', 'gn', 'gn', 'gn', 'unk']","['gn', 'gn', 'gn', 'gn', 'gn', 'gn', 'other', 'gn', 'other', 'other', 'gn', 'gn', 'es', 'gn', 'gn', 'gn', 'other', 'mix', 'other', 'es', 'es', 'es', 'other', 'ne', 'ne', 'other', 'gn', 'gn', 'other', 'es', 'other', 'gn', 'gn', 'es', 'es', 'other', 'gn', 'gn', 'gn', 'other']",87.5,87.5,59.19799498746868,87.57142857142858
177,"['@USER', 'nde', 'porã', 'es', 'pero', 'acepto', ',', 'nde', 'nde', 'porã', 'avei']","['other', 'gn', 'gn', 'es', 'es', 'es', 'other', 'gn', 'gn', 'gn', 'gn']","['ne', 'gn', 'gn', 'es', 'es', 'es', 'other', 'gn', 'gn', 'gn', 'gn']",90.9090909090909,90.9090909090909,66.66666666666666,87.87878787878788
178,"['Unidad', 'de', 'Delitos', 'Económicos', 'Fiscalía', 'omotenondéva', 'kuehe', 'poapy', 'allanamiento', 'Itapúa', '-pe', '.']","['ne', 'ne', 'ne', 'ne', 'ne', 'gn', 'gn', 'gn', 'es', 'ne', 'foreign', 'other']","['ne', 'ne', 'ne', 'ne', 'ne', 'gn', 'gn', 'gn', 'es', 'ne', 'gn', 'other']",91.66666666666666,91.66666666666666,77.14285714285715,95.23809523809524
179,"['Ani', 'ejavy', 'la', 'nde', 'rape']","['gn', 'gn', 'es', 'gn', 'gn']","['gn', 'gn', 'gn', 'gn', 'gn']",80.0,80.0,44.44444444444444,88.8888888888889
